gene_1,gene_2,species,coex,hpf
alx1,pmar1,Lv,0.9689213893967094,6
alx1,pmar1,Lv,0.2944269190325973,9
alx1,pmar1,Lv,0.051639555899819264,12
alx1,pmar1,Lv,0,16
alx1,pmar1,Lv,0,20
alx1,pmar1,Lv,0,24
alx1,dr1,Lv,1.0968921389396709,6
alx1,dr1,Lv,4.353312302839116,9
alx1,dr1,Lv,1.3426284533953008,12
alx1,dr1,Lv,0.8050089445438283,16
alx1,dr1,Lv,0.3839824465167305,20
alx1,dr1,Lv,0.060642814,24
dr1,pmar1,Lv,2.084095063985375,6
dr1,pmar1,Lv,0.3785488958990536,9
dr1,pmar1,Lv,0.10327911179963853,12
dr1,pmar1,Lv,0.17889087656529518,16
dr1,pmar1,Lv,0.16456390565002746,20
dr1,pmar1,Lv,0,24
alx1,ets1,Lv,1.6636197440585008,6
alx1,ets1,Lv,4.2691903259726605,9
alx1,ets1,Lv,1.6266460108443066,12
alx1,ets1,Lv,0.4472271914132379,16
alx1,ets1,Lv,0.4388370817334065,20
alx1,ets1,Lv,0,24
ets1,pmar1,Lv,3.4917733089579523,6
ets1,pmar1,Lv,0.9463722397476341,9
ets1,pmar1,Lv,0.18073844564936745,12
ets1,pmar1,Lv,0,16
ets1,pmar1,Lv,0,20
ets1,pmar1,Lv,0,24
dr1,ets1,Lv,3.8208409506398535,6
dr1,ets1,Lv,5.068349106203996,9
dr1,ets1,Lv,1.6008262328943972,12
dr1,ets1,Lv,0.8944543828264758,16
dr1,ets1,Lv,1.7004936917169502,20
dr1,ets1,Lv,1.879927228623408,24
alx1,erg,Lv,0,6
alx1,erg,Lv,0,9
alx1,erg,Lv,0,12
alx1,erg,Lv,0,16
alx1,erg,Lv,0,20
alx1,erg,Lv,0,24
erg,pmar1,Lv,0,6
erg,pmar1,Lv,0,9
erg,pmar1,Lv,0,12
erg,pmar1,Lv,0,16
erg,pmar1,Lv,0,20
erg,pmar1,Lv,0,24
dr1,erg,Lv,0,6
dr1,erg,Lv,0,9
dr1,erg,Lv,0,12
dr1,erg,Lv,0,16
dr1,erg,Lv,0,20
dr1,erg,Lv,0,24
erg,ets1,Lv,0,6
erg,ets1,Lv,0,9
erg,ets1,Lv,0,12
erg,ets1,Lv,0,16
erg,ets1,Lv,0,20
erg,ets1,Lv,0,24
alx1,foxB,Lv,0.018281536,6
alx1,foxB,Lv,0.063091483,9
alx1,foxB,Lv,2.659437128840692,12
alx1,foxB,Lv,0.6261180679785331,16
alx1,foxB,Lv,0.2194185408667033,20
alx1,foxB,Lv,0,24
foxB,pmar1,Lv,0.073126143,6
foxB,pmar1,Lv,0,9
foxB,pmar1,Lv,0.10327911179963853,12
foxB,pmar1,Lv,0,16
foxB,pmar1,Lv,0,20
foxB,pmar1,Lv,0,24
dr1,foxB,Lv,0.036563071,6
dr1,foxB,Lv,0.063091483,9
dr1,foxB,Lv,1.6266460108443066,12
dr1,foxB,Lv,0.7155635062611807,16
dr1,foxB,Lv,0.3839824465167305,20
dr1,foxB,Lv,1.0915706488781078,24
ets1,foxB,Lv,0.2376599634369287,6
ets1,foxB,Lv,0.10515247108307044,9
ets1,foxB,Lv,2.0914020139426803,12
ets1,foxB,Lv,0.6261180679785331,16
ets1,foxB,Lv,0.16456390565002746,20
ets1,foxB,Lv,0.1212856276531231,24
erg,foxB,Lv,0,6
erg,foxB,Lv,0,9
erg,foxB,Lv,0,12
erg,foxB,Lv,0,16
erg,foxB,Lv,0,20
erg,foxB,Lv,0,24
alx1,foxN2,Lv,1.3345521023765996,6
alx1,foxN2,Lv,3.8485804416403786,9
alx1,foxN2,Lv,1.9106635682933129,12
alx1,foxN2,Lv,0.8944543828264758,16
alx1,foxN2,Lv,0.3291278113000549,20
alx1,foxN2,Lv,0.060642814,24
foxN2,pmar1,Lv,2.705667276051188,6
foxN2,pmar1,Lv,1.177707676130389,9
foxN2,pmar1,Lv,0.3614768912987349,12
foxN2,pmar1,Lv,0,16
foxN2,pmar1,Lv,0.27427317608337903,20
foxN2,pmar1,Lv,0,24
dr1,foxN2,Lv,3.053016453382084,6
dr1,foxN2,Lv,4.479495268138802,9
dr1,foxN2,Lv,2.0397624580428606,12
dr1,foxN2,Lv,1.9677996422182469,16
dr1,foxN2,Lv,5.4854635216675804,20
dr1,foxN2,Lv,5.882352941176469,24
ets1,foxN2,Lv,5.813528336380258,6
ets1,foxN2,Lv,10.788643533123029,9
ets1,foxN2,Lv,6.016008262328942,12
ets1,foxN2,Lv,3.667262969588552,16
ets1,foxN2,Lv,2.633022490400439,20
ets1,foxN2,Lv,0.7277137659187386,24
erg,foxN2,Lv,0,6
erg,foxN2,Lv,0,9
erg,foxN2,Lv,0,12
erg,foxN2,Lv,0,16
erg,foxN2,Lv,0,20
erg,foxN2,Lv,0,24
foxB,foxN2,Lv,0.054844607,6
foxB,foxN2,Lv,0.084121977,9
foxB,foxN2,Lv,2.3237800154918657,12
foxB,foxN2,Lv,0.6261180679785331,16
foxB,foxN2,Lv,0.4388370817334065,20
foxB,foxN2,Lv,0.2425712553062462,24
alx1,foxO,Lv,0.3290676416819013,6
alx1,foxO,Lv,1.0304942166140905,9
alx1,foxO,Lv,0.6713142266976504,12
alx1,foxO,Lv,0.26833631484794274,16
alx1,foxO,Lv,0.3291278113000549,20
alx1,foxO,Lv,0,24
foxO,pmar1,Lv,0.7678244972577696,6
foxO,pmar1,Lv,0.6309148264984227,9
foxO,pmar1,Lv,0.1549186676994578,12
foxO,pmar1,Lv,0,16
foxO,pmar1,Lv,0.10970927043335164,20
foxO,pmar1,Lv,0,24
dr1,foxO,Lv,0.4204753199268739,6
dr1,foxO,Lv,1.3038906414300735,9
dr1,foxO,Lv,1.3168086754453912,12
dr1,foxO,Lv,1.699463327370304,16
dr1,foxO,Lv,3.67526056,20
dr1,foxO,Lv,1.2128562765312312,24
ets1,foxO,Lv,2.321755027422303,6
ets1,foxO,Lv,2.544689800210305,9
ets1,foxO,Lv,1.1877097856958432,12
ets1,foxO,Lv,0.5366726296958855,16
ets1,foxO,Lv,1.3165112452002194,20
ets1,foxO,Lv,0.1212856276531231,24
erg,foxO,Lv,0,6
erg,foxO,Lv,0,9
erg,foxO,Lv,0,12
erg,foxO,Lv,0,16
erg,foxO,Lv,0,20
erg,foxO,Lv,0,24
foxB,foxO,Lv,0.054844607,6
foxB,foxO,Lv,0.021030494216614088,9
foxB,foxO,Lv,0.6971340046475601,12
foxB,foxO,Lv,0,16
foxB,foxO,Lv,0.27427317608337903,20
foxB,foxO,Lv,0.060642814,24
foxN2,foxO,Lv,1.206581352833638,6
foxN2,foxO,Lv,2.8391167192429023,9
foxN2,foxO,Lv,3.5373095791376192,12
foxN2,foxO,Lv,1.9677996422182469,16
foxN2,foxO,Lv,2.1941854086670323,20
foxN2,foxO,Lv,0.060642814,24
alx1,hesC,Lv,0.9140767824497258,6
alx1,hesC,Lv,1.0515247108307046,9
alx1,hesC,Lv,1.110250451846114,12
alx1,hesC,Lv,0.4472271914132379,16
alx1,hesC,Lv,0.054854635,20
alx1,hesC,Lv,0,24
hesC,pmar1,Lv,2.9250457038391224,6
hesC,pmar1,Lv,1.6824395373291272,9
hesC,pmar1,Lv,0.7745933384972892,12
hesC,pmar1,Lv,0.26833631484794274,16
hesC,pmar1,Lv,0.16456390565002746,20
hesC,pmar1,Lv,0,24
dr1,hesC,Lv,2.1937842778793417,6
dr1,hesC,Lv,0.9463722397476341,9
dr1,hesC,Lv,6.454944487477407,12
dr1,hesC,Lv,7.6923076923076925,16
dr1,hesC,Lv,7.789358200767965,20
dr1,hesC,Lv,3.9417828987265007,24
ets1,hesC,Lv,10.054844606946984,6
ets1,hesC,Lv,5.194532072,9
ets1,hesC,Lv,6.687322489026594,12
ets1,hesC,Lv,3.3989266547406083,16
ets1,hesC,Lv,1.0970927043335161,20
ets1,hesC,Lv,0.18192844147968465,24
erg,hesC,Lv,0,6
erg,hesC,Lv,0,9
erg,hesC,Lv,0,12
erg,hesC,Lv,0,16
erg,hesC,Lv,0,20
erg,hesC,Lv,0,24
foxB,hesC,Lv,0.21937842778793412,6
foxB,hesC,Lv,0.021030494216614088,9
foxB,hesC,Lv,1.7557449005938548,12
foxB,hesC,Lv,0.35778175313059035,16
foxB,hesC,Lv,0.054854635,20
foxB,hesC,Lv,0.060642814,24
foxN2,hesC,Lv,5.027422303473491,6
foxN2,hesC,Lv,6.372239747634069,9
foxN2,hesC,Lv,20.630002581977795,12
foxN2,hesC,Lv,8.855098389982109,16
foxN2,hesC,Lv,3.5655512890839285,20
foxN2,hesC,Lv,0.6670709520921769,24
foxO,hesC,Lv,3.4552102376599634,6
foxO,hesC,Lv,3.4700315457413247,9
foxO,hesC,Lv,6.764781822876322,12
foxO,hesC,Lv,3.3989266547406083,16
foxO,hesC,Lv,1.1519473395501922,20
foxO,hesC,Lv,0.18192844147968465,24
alx1,hex,Lv,1.1517367458866543,6
alx1,hex,Lv,4.332281808622502,9
alx1,hex,Lv,2.4012393493415956,12
alx1,hex,Lv,0.26833631484794274,16
alx1,hex,Lv,0.16456390565002746,20
alx1,hex,Lv,0.060642814,24
hex,pmar1,Lv,2.26691042,6
hex,pmar1,Lv,0.3364879074658254,9
hex,pmar1,Lv,0.18073844564936745,12
hex,pmar1,Lv,0,16
hex,pmar1,Lv,0.054854635,20
hex,pmar1,Lv,0,24
dr1,hex,Lv,2.8153564899451555,6
dr1,hex,Lv,5.194532072,9
dr1,hex,Lv,1.7299251226439452,12
dr1,hex,Lv,0.8050089445438283,16
dr1,hex,Lv,1.206801974766868,20
dr1,hex,Lv,2.4257125530624624,24
ets1,hex,Lv,5.2285191956124315,6
ets1,hex,Lv,5.678233438485805,9
ets1,hex,Lv,3.7696875806868064,12
ets1,hex,Lv,2.5044722719141324,16
ets1,hex,Lv,3.071859572133845,20
ets1,hex,Lv,1.0309278350515465,24
erg,hex,Lv,0,6
erg,hex,Lv,0,9
erg,hex,Lv,0,12
erg,hex,Lv,0,16
erg,hex,Lv,0,20
erg,hex,Lv,0,24
foxB,hex,Lv,0.16453382084095064,6
foxB,hex,Lv,0.063091483,9
foxB,hex,Lv,3.253292021688613,12
foxB,hex,Lv,0.26833631484794274,16
foxB,hex,Lv,0.054854635,20
foxB,hex,Lv,0.060642814,24
foxN2,hex,Lv,3.1627056672760516,6
foxN2,hex,Lv,5.699263932702419,9
foxN2,hex,Lv,5.318874257681384,12
foxN2,hex,Lv,1.878354204,16
foxN2,hex,Lv,2.7975863960504657,20
foxN2,hex,Lv,1.5767131594906003,24
foxO,hex,Lv,1.6819012797074957,6
foxO,hex,Lv,1.4931650893796005,9
foxO,hex,Lv,1.4459075651949391,12
foxO,hex,Lv,0.26833631484794274,16
foxO,hex,Lv,0.5485463521667581,20
foxO,hex,Lv,0.3032140691328078,24
hesC,hex,Lv,5.2650822669104205,6
hesC,hex,Lv,1.2407991587802314,9
hesC,hex,Lv,3.718048024786986,12
hesC,hex,Lv,1.2522361359570662,16
hesC,hex,Lv,0.6582556226001097,20
hesC,hex,Lv,0.6064281382656156,24
alx1,hnf6,Lv,0.8043875685557587,6
alx1,hnf6,Lv,0.8201892744479496,9
alx1,hnf6,Lv,0.5163955589981926,12
alx1,hnf6,Lv,0.089445438,16
alx1,hnf6,Lv,0.054854635,20
alx1,hnf6,Lv,0,24
hnf6,pmar1,Lv,2.888482632541133,6
hnf6,pmar1,Lv,1.4721345951629865,9
hnf6,pmar1,Lv,0.2323780015491867,12
hnf6,pmar1,Lv,0.17889087656529518,16
hnf6,pmar1,Lv,0.10970927043335164,20
hnf6,pmar1,Lv,0,24
dr1,hnf6,Lv,2.4497257769652654,6
dr1,hnf6,Lv,0.9043112513144059,9
dr1,hnf6,Lv,3.0467337980893365,12
dr1,hnf6,Lv,5.813953488372092,16
dr1,hnf6,Lv,15.523861766319255,20
dr1,hnf6,Lv,13.523347483323224,24
ets1,hnf6,Lv,9.853747714808044,6
ets1,hnf6,Lv,3.8485804416403786,9
ets1,hnf6,Lv,2.0655822359927702,12
ets1,hnf6,Lv,0.5366726296958855,16
ets1,hnf6,Lv,0.7679648930334613,20
ets1,hnf6,Lv,0.7883565797453002,24
erg,hnf6,Lv,0,6
erg,hnf6,Lv,0,9
erg,hnf6,Lv,0,12
erg,hnf6,Lv,0,16
erg,hnf6,Lv,0,20
erg,hnf6,Lv,0,24
foxB,hnf6,Lv,0.29250457038391225,6
foxB,hnf6,Lv,0.042060988433228176,9
foxB,hnf6,Lv,0.6971340046475601,12
foxB,hnf6,Lv,0,16
foxB,hnf6,Lv,0.10970927043335164,20
foxB,hnf6,Lv,0.4851425106124924,24
foxN2,hnf6,Lv,4.149908592321755,6
foxN2,hnf6,Lv,3.154574132492113,9
foxN2,hnf6,Lv,2.4270591272915047,12
foxN2,hnf6,Lv,0.6261180679785331,16
foxN2,hnf6,Lv,1.9199122325836533,20
foxN2,hnf6,Lv,1.1522134627046696,24
foxO,hnf6,Lv,4.223034734917733,6
foxO,hnf6,Lv,4.164037855,9
foxO,hnf6,Lv,2.3754195713916864,12
foxO,hnf6,Lv,1.3416815742397137,16
foxO,hnf6,Lv,1.8102029621503013,20
foxO,hnf6,Lv,0.4244996967859309,24
hesC,hnf6,Lv,19.323583180987203,6
hesC,hnf6,Lv,12.092534174553098,9
hesC,hnf6,Lv,15.156209656596953,12
hesC,hnf6,Lv,8.407871198568872,16
hesC,hnf6,Lv,5.540318156884257,20
hesC,hnf6,Lv,1.0915706488781078,24
hex,hnf6,Lv,6.745886654478976,6
hex,hnf6,Lv,1.5141955835962144,9
hex,hnf6,Lv,0.9811515620965658,12
hex,hnf6,Lv,0.35778175313059035,16
hex,hnf6,Lv,0.603400987,20
hex,hnf6,Lv,0.3638568829593693,24
alx1,soxC,Lv,0.84095063985374785,6
alx1,soxC,Lv,0.8832807570977917,9
alx1,soxC,Lv,0.2323780015491867,12
alx1,soxC,Lv,0,16
alx1,soxC,Lv,0,20
alx1,soxC,Lv,0,24
pmar1,soxC,Lv,1.1882998171846435,6
pmar1,soxC,Lv,0.35751840168243953,9
pmar1,soxC,Lv,0.077459334,12
pmar1,soxC,Lv,0,16
pmar1,soxC,Lv,0.054854635,20
pmar1,soxC,Lv,0,24
dr1,soxC,Lv,1.4808043875685557,6
dr1,soxC,Lv,1.0094637223974765,9
dr1,soxC,Lv,0.5938548928479216,12
dr1,soxC,Lv,0.7155635062611807,16
dr1,soxC,Lv,1.9199122325836533,20
dr1,soxC,Lv,0.9702850212249848,24
ets1,soxC,Lv,3.1261425959780618,6
ets1,soxC,Lv,2.355415352260778,9
ets1,soxC,Lv,0.9295120061967468,12
ets1,soxC,Lv,1.073345259391771,16
ets1,soxC,Lv,0.5485463521667581,20
ets1,soxC,Lv,0,24
erg,soxC,Lv,0,6
erg,soxC,Lv,0,9
erg,soxC,Lv,0,12
erg,soxC,Lv,0,16
erg,soxC,Lv,0,20
erg,soxC,Lv,0,24
foxB,soxC,Lv,0.073126143,6
foxB,soxC,Lv,0.021030494216614088,9
foxB,soxC,Lv,0.2581977794990963,12
foxB,soxC,Lv,0,16
foxB,soxC,Lv,0,20
foxB,soxC,Lv,0.1212856276531231,24
foxN2,soxC,Lv,2.321755027422303,6
foxN2,soxC,Lv,3.6172450052576237,9
foxN2,soxC,Lv,2.168861347792409,12
foxN2,soxC,Lv,1.162790697674419,16
foxN2,soxC,Lv,1.6456390565002743,20
foxN2,soxC,Lv,0.5457853244390539,24
foxO,soxC,Lv,0.7129798903107861,6
foxO,soxC,Lv,0.9043112513144059,9
foxO,soxC,Lv,0.5680351148980121,12
foxO,soxC,Lv,0.5366726296958855,16
foxO,soxC,Lv,0.5485463521667581,20
foxO,soxC,Lv,0.1212856276531231,24
hesC,soxC,Lv,2.888482632541133,6
hesC,soxC,Lv,2.7549947423764456,9
hesC,soxC,Lv,4.002065582235993,12
hesC,soxC,Lv,2.236135957,16
hesC,soxC,Lv,0.8776741634668129,20
hesC,soxC,Lv,0.1212856276531231,24
hex,soxC,Lv,1.773308957952468,6
hex,soxC,Lv,1.135646687697161,9
hex,soxC,Lv,0.4647560030983733,12
hex,soxC,Lv,0.4472271914132379,16
hex,soxC,Lv,0.3291278113000549,20
hex,soxC,Lv,0.060642814,24
hnf6,soxC,Lv,2.705667276051188,6
hnf6,soxC,Lv,2.376445846477392,9
hnf6,soxC,Lv,1.3942680092951203,12
hnf6,soxC,Lv,0.8050089445438283,16
hnf6,soxC,Lv,0.9325287986834888,20
hnf6,soxC,Lv,0.6670709520921769,24
alx1,tel,Lv,0.7861060329067643,6
alx1,tel,Lv,1.7245005257623556,9
alx1,tel,Lv,0.2323780015491867,12
alx1,tel,Lv,0.089445438,16
alx1,tel,Lv,0.054854635,20
alx1,tel,Lv,0,24
pmar1,tel,Lv,1.352833638025594,6
pmar1,tel,Lv,0.4416403785488959,9
pmar1,tel,Lv,0.051639555899819264,12
pmar1,tel,Lv,0,16
pmar1,tel,Lv,0,20
pmar1,tel,Lv,0,24
dr1,tel,Lv,1.736745886654479,6
dr1,tel,Lv,1.8717139852786544,9
dr1,tel,Lv,0.5163955589981926,12
dr1,tel,Lv,0.8050089445438283,16
dr1,tel,Lv,1.9747668678003287,20
dr1,tel,Lv,0.9702850212249848,24
ets1,tel,Lv,2.6325411334552102,6
ets1,tel,Lv,3.9327024185068353,9
ets1,tel,Lv,0.7487735605473793,12
ets1,tel,Lv,1.162790697674419,16
ets1,tel,Lv,0.603400987,20
ets1,tel,Lv,0.2425712553062462,24
erg,tel,Lv,0,6
erg,tel,Lv,0,9
erg,tel,Lv,0,12
erg,tel,Lv,0,16
erg,tel,Lv,0,20
erg,tel,Lv,0,24
foxB,tel,Lv,0.036563071,6
foxB,tel,Lv,0.021030494216614088,9
foxB,tel,Lv,0.2581977794990963,12
foxB,tel,Lv,0.17889087656529518,16
foxB,tel,Lv,0.054854635,20
foxB,tel,Lv,0,24
foxN2,tel,Lv,2.1572212065813527,6
foxN2,tel,Lv,6.624605678233439,9
foxN2,tel,Lv,1.6008262328943972,12
foxN2,tel,Lv,0.8944543828264758,16
foxN2,tel,Lv,1.0422380691168405,20
foxN2,tel,Lv,0.4851425106124924,24
foxO,tel,Lv,0.566727605,6
foxO,tel,Lv,1.388012618,9
foxO,tel,Lv,0.4131164471985541,12
foxO,tel,Lv,0.17889087656529518,16
foxO,tel,Lv,0.4388370817334065,20
foxO,tel,Lv,0.1212856276531231,24
hesC,tel,Lv,1.9926873857404015,6
hesC,tel,Lv,2.4395373291272344,9
hesC,tel,Lv,2.272140459592048,12
hesC,tel,Lv,1.3416815742397137,16
hesC,tel,Lv,0.3291278113000549,20
hesC,tel,Lv,0.2425712553062462,24
hex,tel,Lv,1.9012797074954293,6
hex,tel,Lv,2.481598317560463,9
hex,tel,Lv,0.6971340046475601,12
hex,tel,Lv,0.4472271914132379,16
hex,tel,Lv,0.7131102578167855,20
hex,tel,Lv,0.2425712553062462,24
hnf6,tel,Lv,2.2486288848263256,6
hnf6,tel,Lv,2.481598317560463,9
hnf6,tel,Lv,0.9036922282468371,12
hnf6,tel,Lv,0.5366726296958855,16
hnf6,tel,Lv,0.7679648930334613,20
hnf6,tel,Lv,0.4851425106124924,24
soxC,tel,Lv,1.206581352833638,6
soxC,tel,Lv,1.0094637223974765,9
soxC,tel,Lv,0.3614768912987349,12
soxC,tel,Lv,0.35778175313059035,16
soxC,tel,Lv,0.4388370817334065,20
soxC,tel,Lv,0,24
alx1,tbr,Lv,2.029250457038392,6
alx1,tbr,Lv,4.5846477392218725,9
alx1,tbr,Lv,2.736896462690421,12
alx1,tbr,Lv,1.520572450805009,16
alx1,tbr,Lv,0.8776741634668129,20
alx1,tbr,Lv,0,24
pmar1,tbr,Lv,4.296160877513712,6
pmar1,tbr,Lv,0.7781282860147214,9
pmar1,tbr,Lv,0.20655822359927706,12
pmar1,tbr,Lv,0,16
pmar1,tbr,Lv,0.054854635,20
pmar1,tbr,Lv,0,24
dr1,tbr,Lv,4.716636197440585,6
dr1,tbr,Lv,5.467928496319663,9
dr1,tbr,Lv,2.0655822359927702,12
dr1,tbr,Lv,1.520572450805009,16
dr1,tbr,Lv,1.0970927043335161,20
dr1,tbr,Lv,0.6064281382656156,24
ets1,tbr,Lv,11.060329067641682,6
ets1,tbr,Lv,9.610935856992636,9
ets1,tbr,Lv,4.570100697134005,12
ets1,tbr,Lv,3.488372093023256,16
ets1,tbr,Lv,2.249040043883708,20
ets1,tbr,Lv,0.18192844147968465,24
erg,tbr,Lv,0,6
erg,tbr,Lv,0,9
erg,tbr,Lv,0,12
erg,tbr,Lv,0,16
erg,tbr,Lv,0,20
erg,tbr,Lv,0,24
foxB,tbr,Lv,0.2376599634369287,6
foxB,tbr,Lv,0.084121977,9
foxB,tbr,Lv,3.718048024786986,12
foxB,tbr,Lv,1.4311270125223614,16
foxB,tbr,Lv,0.603400987,20
foxB,tbr,Lv,0,24
foxN2,tbr,Lv,7.202925045703839,6
foxN2,tbr,Lv,16.55099894847529,9
foxN2,tbr,Lv,8.520526723470178,12
foxN2,tbr,Lv,3.1305903398926653,16
foxN2,tbr,Lv,2.084476138233681,20
foxN2,tbr,Lv,0.1212856276531231,24
foxO,tbr,Lv,2.6873857404021937,6
foxO,tbr,Lv,2.1240799158780237,9
foxO,tbr,Lv,1.5233668990446685,12
foxO,tbr,Lv,0.5366726296958855,16
foxO,tbr,Lv,1.2616566099835436,20
foxO,tbr,Lv,0,24
hesC,tbr,Lv,11.846435100548446,6
hesC,tbr,Lv,3.154574132492113,9
hesC,tbr,Lv,5.706170926930027,12
hesC,tbr,Lv,2.236135957,16
hesC,tbr,Lv,0.603400987,20
hesC,tbr,Lv,0.060642814,24
hex,tbr,Lv,6.160877513711151,6
hex,tbr,Lv,6.624605678233439,9
hex,tbr,Lv,6.016008262328942,12
hex,tbr,Lv,1.878354204,16
hex,tbr,Lv,1.4262205156335712,20
hex,tbr,Lv,0.1212856276531231,24
hnf6,tbr,Lv,10.73126142595978,6
hnf6,tbr,Lv,1.7665615141955835,9
hnf6,tbr,Lv,0.9553317841466564,12
hnf6,tbr,Lv,0.4472271914132379,16
hnf6,tbr,Lv,0.4388370817334065,20
hnf6,tbr,Lv,0.2425712553062462,24
soxC,tbr,Lv,3.729433272394881,6
soxC,tbr,Lv,2.229232386961093,9
soxC,tbr,Lv,0.6454944487477408,12
soxC,tbr,Lv,0.35778175313059035,16
soxC,tbr,Lv,0.2194185408667033,20
soxC,tbr,Lv,0,24
tbr,tel,Lv,3.5648994515539303,6
tbr,tel,Lv,6.182965299684542,9
tbr,tel,Lv,1.136070229796024,12
tbr,tel,Lv,0.9838998211091234,16
tbr,tel,Lv,0.603400987,20
tbr,tel,Lv,0,24
alx1,tgif,Lv,0.31078610603290674,6
alx1,tgif,Lv,3.4069400630914832,9
alx1,tgif,Lv,2.6852569067906016,12
alx1,tgif,Lv,1.162790697674419,16
alx1,tgif,Lv,0.4936917169500823,20
alx1,tgif,Lv,0.060642814,24
pmar1,tgif,Lv,0.7312614259597806,6
pmar1,tgif,Lv,0.2523659305993691,9
pmar1,tgif,Lv,0.28401755744900603,12
pmar1,tgif,Lv,0,16
pmar1,tgif,Lv,0.2194185408667033,20
pmar1,tgif,Lv,0,24
dr1,tgif,Lv,0.6215722120658135,6
dr1,tgif,Lv,3.995793901156677,9
dr1,tgif,Lv,2.0655822359927702,12
dr1,tgif,Lv,1.699463327370304,16
dr1,tgif,Lv,4.278661546900713,20
dr1,tgif,Lv,4.6088538508186785,24
ets1,tgif,Lv,2.9067641681901284,6
ets1,tgif,Lv,4.079915878023133,9
ets1,tgif,Lv,5.241414923831655,12
ets1,tgif,Lv,6.171735241502684,16
ets1,tgif,Lv,3.4558420186505763,20
ets1,tgif,Lv,0.8489993935718617,24
erg,tgif,Lv,0,6
erg,tgif,Lv,0,9
erg,tgif,Lv,0,12
erg,tgif,Lv,0,16
erg,tgif,Lv,0,20
erg,tgif,Lv,0,24
foxB,tgif,Lv,0.091407678,6
foxB,tgif,Lv,0.063091483,9
foxB,tgif,Lv,3.7438678027368963,12
foxB,tgif,Lv,0.9838998211091234,16
foxB,tgif,Lv,0.4936917169500823,20
foxB,tgif,Lv,0.2425712553062462,24
foxN2,tgif,Lv,1.2248628884826327,6
foxN2,tgif,Lv,4.374342797055731,9
foxN2,tgif,Lv,15.930802995094245,12
foxN2,tgif,Lv,11.627906976744184,16
foxN2,tgif,Lv,12.013165112452002,20
foxN2,tgif,Lv,4.002425712553063,24
foxO,tgif,Lv,1.0054844606946984,6
foxO,tgif,Lv,1.1146161934805467,9
foxO,tgif,Lv,2.659437128840692,12
foxO,tgif,Lv,2.146690518783542,16
foxO,tgif,Lv,2.578167855183763,20
foxO,tgif,Lv,0.3638568829593693,24
hesC,tgif,Lv,4.2778793418647165,6
hesC,tgif,Lv,0.7570977917981072,9
hesC,tgif,Lv,15.259488768396592,12
hesC,tgif,Lv,11.627906976744184,16
hesC,tgif,Lv,4.223806911684036,20
hesC,tgif,Lv,1.0915706488781078,24
hex,tgif,Lv,1.3711151736745886,6
hex,tgif,Lv,4.058885383806518,9
hex,tgif,Lv,4.673379808933643,12
hex,tgif,Lv,2.5044722719141324,16
hex,tgif,Lv,2.9621503017004938,20
hex,tgif,Lv,1.758641600970285,24
hnf6,tgif,Lv,4.661791590493602,6
hnf6,tgif,Lv,0.6098843322818086,9
hnf6,tgif,Lv,1.7815646785437649,12
hnf6,tgif,Lv,1.162790697674419,16
hnf6,tgif,Lv,1.9747668678003287,20
hnf6,tgif,Lv,1.8192844147968468,24
soxC,tgif,Lv,0.8592321755027422,6
soxC,tgif,Lv,0.8201892744479496,9
soxC,tgif,Lv,1.9106635682933129,12
soxC,tgif,Lv,1.4311270125223614,16
soxC,tgif,Lv,1.4810751508502469,20
soxC,tgif,Lv,0.3638568829593693,24
tel,tgif,Lv,0.603290676,6
tel,tgif,Lv,1.850683491,9
tel,tgif,Lv,1.0069713400464757,12
tel,tgif,Lv,0.8050089445438283,16
tel,tgif,Lv,1.3713658804168951,20
tel,tgif,Lv,0.8489993935718617,24
tbr,tgif,Lv,3.345521023765996,6
tbr,tgif,Lv,4.879074658254469,9
tbr,tgif,Lv,7.306997159824426,12
tbr,tgif,Lv,5.2772808586762086,16
tbr,tgif,Lv,2.7427317608337902,20
tbr,tgif,Lv,0.4244996967859309,24
alx1,delta,Lv,1.8647166361974403,6
alx1,delta,Lv,3.9116719242902214,9
alx1,delta,Lv,0.6454944487477408,12
alx1,delta,Lv,0,16
alx1,delta,Lv,0.2194185408667033,20
alx1,delta,Lv,0,24
delta,pmar1,Lv,3.436928702010969,6
delta,pmar1,Lv,0.8412197686645636,9
delta,pmar1,Lv,0.12909888974954814,12
delta,pmar1,Lv,0,16
delta,pmar1,Lv,0,20
delta,pmar1,Lv,0,24
delta,dr1,Lv,4.058500914076783,6
delta,dr1,Lv,4.563617245005258,9
delta,dr1,Lv,0.9036922282468371,12
delta,dr1,Lv,0.4472271914132379,16
delta,dr1,Lv,2.249040043883708,20
delta,dr1,Lv,3.9417828987265007,24
delta,ets1,Lv,6.416819012797077,6
delta,ets1,Lv,8.706624605678233,9
delta,ets1,Lv,3.0467337980893365,12
delta,ets1,Lv,2.5044722719141324,16
delta,ets1,Lv,1.4262205156335712,20
delta,ets1,Lv,0.3638568829593693,24
delta,erg,Lv,0,6
delta,erg,Lv,0,9
delta,erg,Lv,0,12
delta,erg,Lv,0,16
delta,erg,Lv,0,20
delta,erg,Lv,0,24
delta,foxB,Lv,0.1279707495429616,6
delta,foxB,Lv,0.063091483,9
delta,foxB,Lv,0.5680351148980121,12
delta,foxB,Lv,0,16
delta,foxB,Lv,0.054854635,20
delta,foxB,Lv,0,24
delta,foxN2,Lv,5.1919561243144425,6
delta,foxN2,Lv,15.099894847528914,9
delta,foxN2,Lv,7.126258714175059,12
delta,foxN2,Lv,1.7889087656529516,16
delta,foxN2,Lv,1.5359297860669223,20
delta,foxN2,Lv,1.758641600970285,24
delta,foxO,Lv,1.0420475319926874,6
delta,foxO,Lv,1.9768664563617244,9
delta,foxO,Lv,1.4200877872450297,12
delta,foxO,Lv,0.089445438,16
delta,foxO,Lv,0.603400987,20
delta,foxO,Lv,0.3638568829593693,24
delta,hesC,Lv,3.473491773308958,6
delta,hesC,Lv,2.691903259726604,9
delta,hesC,Lv,4.441001807384456,12
delta,hesC,Lv,1.6100178890876566,16
delta,hesC,Lv,0.8776741634668129,20
delta,hesC,Lv,0.6064281382656156,24
delta,hex,Lv,4.186471663619743,6
delta,hex,Lv,5.804416403785488,9
delta,hex,Lv,3.5631293570875293,12
delta,hex,Lv,1.9677996422182469,16
delta,hex,Lv,1.8102029621503013,20
delta,hex,Lv,0.6670709520921769,24
delta,hnf6,Lv,2.9250457038391224,6
delta,hnf6,Lv,1.829652996845426,9
delta,hnf6,Lv,1.0844306738962044,12
delta,hnf6,Lv,0.26833631484794274,16
delta,hnf6,Lv,0.8776741634668129,20
delta,hnf6,Lv,1.2734990903577923,24
delta,soxC,Lv,2.6325411334552102,6
delta,soxC,Lv,2.1030494216614093,9
delta,soxC,Lv,0.6454944487477408,12
delta,soxC,Lv,0.5366726296958855,16
delta,soxC,Lv,0.603400987,20
delta,soxC,Lv,0.6064281382656156,24
delta,tel,Lv,2.6873857404021937,6
delta,tel,Lv,5.678233438485805,9
delta,tel,Lv,1.136070229796024,12
delta,tel,Lv,0.7155635062611807,16
delta,tel,Lv,0.7679648930334613,20
delta,tel,Lv,0.3638568829593693,24
delta,tbr,Lv,8.062157221206581,6
delta,tbr,Lv,15.247108307045215,9
delta,tbr,Lv,6.429124709527497,12
delta,tbr,Lv,2.415026833631485,16
delta,tbr,Lv,1.0970927043335161,20
delta,tbr,Lv,0.2425712553062462,24
delta,tgif,Lv,0.8592321755027422,6
delta,tgif,Lv,4.164037855,9
delta,tgif,Lv,3.3049315775884325,12
delta,tgif,Lv,2.772808586762076,16
delta,tgif,Lv,1.9747668678003287,20
delta,tgif,Lv,1.0309278350515465,24
alx1,fgf,Lv,1.4990859232175504,6
alx1,fgf,Lv,4.500525762355415,9
alx1,fgf,Lv,3.150012909888975,12
alx1,fgf,Lv,1.162790697674419,16
alx1,fgf,Lv,0.4936917169500823,20
alx1,fgf,Lv,0.060642814,24
fgf,pmar1,Lv,2.5959780621572213,6
fgf,pmar1,Lv,0.9463722397476341,9
fgf,pmar1,Lv,0.3356571133488252,12
fgf,pmar1,Lv,0,16
fgf,pmar1,Lv,0.054854635,20
fgf,pmar1,Lv,0,24
dr1,fgf,Lv,3.1444241316270567,6
dr1,fgf,Lv,5.3627760252365935,9
dr1,fgf,Lv,5.370513813581203,12
dr1,fgf,Lv,7.5134168157423975,16
dr1,fgf,Lv,11.13549094898519,20
dr1,fgf,Lv,7.822922983626442,24
ets1,fgf,Lv,4.497257769652651,6
ets1,fgf,Lv,7.360672975814933,9
ets1,fgf,Lv,5.163955589981925,12
ets1,fgf,Lv,1.2522361359570662,16
ets1,fgf,Lv,1.5907844212835986,20
ets1,fgf,Lv,0.8489993935718617,24
erg,fgf,Lv,0,6
erg,fgf,Lv,0,9
erg,fgf,Lv,0,12
erg,fgf,Lv,0,16
erg,fgf,Lv,0,20
erg,fgf,Lv,0,24
fgf,foxB,Lv,0.054844607,6
fgf,foxB,Lv,0.084121977,9
fgf,foxB,Lv,4.5184611412341855,12
fgf,foxB,Lv,1.073345259391771,16
fgf,foxB,Lv,0.3839824465167305,20
fgf,foxB,Lv,0.18192844147968465,24
fgf,foxN2,Lv,3.7111517367458866,6
fgf,foxN2,Lv,5.615141955835962,9
fgf,foxN2,Lv,5.680351148980119,12
fgf,foxN2,Lv,1.878354204,16
fgf,foxN2,Lv,3.017004936917169,20
fgf,foxN2,Lv,2.607640994542147,24
fgf,foxO,Lv,0.6581352833638026,6
fgf,foxO,Lv,3.8065194532071502,9
fgf,foxO,Lv,4.156984249935452,12
fgf,foxO,Lv,2.5044722719141324,16
fgf,foxO,Lv,2.084476138233681,20
fgf,foxO,Lv,0.3032140691328078,24
fgf,hesC,Lv,2.1572212065813527,6
fgf,hesC,Lv,7.9284963196635125,9
fgf,hesC,Lv,22.902143041569843,12
fgf,hesC,Lv,11.001788908765652,16
fgf,hesC,Lv,3.5655512890839285,20
fgf,hesC,Lv,1.2128562765312312,24
fgf,hex,Lv,3.1809872029250466,6
fgf,hex,Lv,5.404837013669821,9
fgf,hex,Lv,4.621740253033824,12
fgf,hex,Lv,0.7155635062611807,16
fgf,hex,Lv,0.8776741634668129,20
fgf,hex,Lv,2.546998180715585,24
fgf,hnf6,Lv,2.0658135283363803,6
fgf,hnf6,Lv,8.769716088328074,9
fgf,hnf6,Lv,13.426284533953009,12
fgf,hnf6,Lv,8.586762075134168,16
fgf,hnf6,Lv,8.557323093801426,20
fgf,hnf6,Lv,1.758641600970285,24
fgf,soxC,Lv,1.7550274223034734,6
fgf,soxC,Lv,1.934805467928496,9
fgf,soxC,Lv,1.5491866769945783,12
fgf,soxC,Lv,0.8050089445438283,16
fgf,soxC,Lv,0.6582556226001097,20
fgf,soxC,Lv,0.3032140691328078,24
fgf,tel,Lv,2.010968921389397,6
fgf,tel,Lv,2.818086225026288,9
fgf,tel,Lv,1.2651691195455719,12
fgf,tel,Lv,1.4311270125223614,16
fgf,tel,Lv,0.6582556226001097,20
fgf,tel,Lv,0.2425712553062462,24
fgf,tbr,Lv,5.703839122486287,6
fgf,tbr,Lv,6.161934805467928,9
fgf,tbr,Lv,4.776658920733282,12
fgf,tbr,Lv,2.6833631484794283,16
fgf,tbr,Lv,1.7004936917169502,20
fgf,tbr,Lv,0.2425712553062462,24
fgf,tgif,Lv,0.5484460694698354,6
fgf,tgif,Lv,4.079915878023133,9
fgf,tgif,Lv,5.886909372579397,12
fgf,tgif,Lv,2.3255813953488373,16
fgf,tgif,Lv,2.633022490400439,20
fgf,tgif,Lv,3.092783505,24
delta,fgf,Lv,5.447897623400365,6
delta,fgf,Lv,5.4468980021030475,9
delta,fgf,Lv,1.962303124193132,12
delta,fgf,Lv,0.26833631484794274,16
delta,fgf,Lv,0.6582556226001097,20
delta,fgf,Lv,1.1522134627046696,24
alx1,vegfr10,Lv,0.054844607,6
alx1,vegfr10,Lv,3.659305993690852,9
alx1,vegfr10,Lv,2.8918151303898787,12
alx1,vegfr10,Lv,1.4311270125223614,16
alx1,vegfr10,Lv,0.8776741634668129,20
alx1,vegfr10,Lv,0.060642814,24
pmar1,vegfr10,Lv,0.054844607,6
pmar1,vegfr10,Lv,0.4206098843322818,9
pmar1,vegfr10,Lv,0.1549186676994578,12
pmar1,vegfr10,Lv,0,16
pmar1,vegfr10,Lv,0.054854635,20
pmar1,vegfr10,Lv,0,24
dr1,vegfr10,Lv,0.1279707495429616,6
dr1,vegfr10,Lv,4.395373291272345,9
dr1,vegfr10,Lv,1.988122902143041,12
dr1,vegfr10,Lv,1.6100178890876566,16
dr1,vegfr10,Lv,1.2616566099835436,20
dr1,vegfr10,Lv,0.6064281382656156,24
ets1,vegfr10,Lv,0.14625228519195613,6
ets1,vegfr10,Lv,5.3627760252365935,9
ets1,vegfr10,Lv,3.4082106893880715,12
ets1,vegfr10,Lv,2.9516994633273703,16
ets1,vegfr10,Lv,3.017004936917169,20
ets1,vegfr10,Lv,0.2425712553062462,24
erg,vegfr10,Lv,0,6
erg,vegfr10,Lv,0,9
erg,vegfr10,Lv,0,12
erg,vegfr10,Lv,0,16
erg,vegfr10,Lv,0,20
erg,vegfr10,Lv,0,24
foxB,vegfr10,Lv,0,6
foxB,vegfr10,Lv,0.063091483,9
foxB,vegfr10,Lv,3.9504260263361735,12
foxB,vegfr10,Lv,1.3416815742397137,16
foxB,vegfr10,Lv,0.603400987,20
foxB,vegfr10,Lv,0.060642814,24
foxN2,vegfr10,Lv,0.14625228519195613,6
foxN2,vegfr10,Lv,5.678233438485805,9
foxN2,vegfr10,Lv,5.344694035631294,12
foxN2,vegfr10,Lv,3.309481216457961,16
foxN2,vegfr10,Lv,2.7975863960504657,20
foxN2,vegfr10,Lv,0.2425712553062462,24
foxO,vegfr10,Lv,0.036563071,6
foxO,vegfr10,Lv,1.2828601472134595,9
foxO,vegfr10,Lv,1.2909888974954815,12
foxO,vegfr10,Lv,0.8050089445438283,16
foxO,vegfr10,Lv,1.7004936917169502,20
foxO,vegfr10,Lv,0.1212856276531231,24
hesC,vegfr10,Lv,0.21937842778793412,6
hesC,vegfr10,Lv,1.7875920084121977,9
hesC,vegfr10,Lv,4.802478698683191,12
hesC,vegfr10,Lv,2.8622540250447237,16
hesC,vegfr10,Lv,0.7679648930334613,20
hesC,vegfr10,Lv,0,24
hex,vegfr10,Lv,0.10968921389396707,6
hex,vegfr10,Lv,4.5846477392218725,9
hex,vegfr10,Lv,4.156984249935452,12
hex,vegfr10,Lv,1.2522361359570662,16
hex,vegfr10,Lv,1.8650575973669776,20
hex,vegfr10,Lv,0.8489993935718617,24
hnf6,vegfr10,Lv,0.14625228519195613,6
hnf6,vegfr10,Lv,1.4931650893796005,9
hnf6,vegfr10,Lv,0.9036922282468371,12
hnf6,vegfr10,Lv,0.26833631484794274,16
hnf6,vegfr10,Lv,0.3291278113000549,20
hnf6,vegfr10,Lv,0.1212856276531231,24
soxC,vegfr10,Lv,0.073126143,6
soxC,vegfr10,Lv,1.2828601472134595,9
soxC,vegfr10,Lv,0.6454944487477408,12
soxC,vegfr10,Lv,0.8050089445438283,16
soxC,vegfr10,Lv,0.3839824465167305,20
soxC,vegfr10,Lv,0,24
tel,vegfr10,Lv,0.073126143,6
tel,vegfr10,Lv,2.1451104100946368,9
tel,vegfr10,Lv,0.4905757810482829,12
tel,vegfr10,Lv,0.7155635062611807,16
tel,vegfr10,Lv,0.603400987,20
tel,vegfr10,Lv,0.060642814,24
tbr,vegfr10,Lv,0.25594149908592323,6
tbr,vegfr10,Lv,5.909568874868559,9
tbr,vegfr10,Lv,5.370513813581203,12
tbr,vegfr10,Lv,4.651162790697675,16
tbr,vegfr10,Lv,3.2912781130005486,20
tbr,vegfr10,Lv,0.3638568829593693,24
tgif,vegfr10,Lv,0.036563071,6
tgif,vegfr10,Lv,3.4069400630914832,9
tgif,vegfr10,Lv,6.842241156726053,12
tgif,vegfr10,Lv,5.18783542,16
tgif,vegfr10,Lv,2.9621503017004938,20
tgif,vegfr10,Lv,0.6670709520921769,24
delta,vegfr10,Lv,0.16453382084095064,6
delta,vegfr10,Lv,4.879074658254469,9
delta,vegfr10,Lv,1.4975471210947586,12
delta,vegfr10,Lv,1.162790697674419,16
delta,vegfr10,Lv,0.9873834339001646,20
delta,vegfr10,Lv,0.1212856276531231,24
fgf,vegfr10,Lv,0.16453382084095064,6
fgf,vegfr10,Lv,5.110410094637223,9
fgf,vegfr10,Lv,4.90575781,12
fgf,vegfr10,Lv,2.6833631484794283,16
fgf,vegfr10,Lv,2.523313219967087,20
fgf,vegfr10,Lv,0.7277137659187386,24
alx1,wnt1,Lv,1.9561243144424127,6
alx1,wnt1,Lv,3.2597266035751837,9
alx1,wnt1,Lv,0.3614768912987349,12
alx1,wnt1,Lv,0.17889087656529518,16
alx1,wnt1,Lv,0,20
alx1,wnt1,Lv,0.060642814,24
pmar1,wnt1,Lv,3.784277879341865,6
pmar1,wnt1,Lv,1.0725552050473186,9
pmar1,wnt1,Lv,0.2323780015491867,12
pmar1,wnt1,Lv,0,16
pmar1,wnt1,Lv,0,20
pmar1,wnt1,Lv,0,24
dr1,wnt1,Lv,4.095063985374772,6
dr1,wnt1,Lv,3.7854889589905363,9
dr1,wnt1,Lv,0.9553317841466564,12
dr1,wnt1,Lv,0.9838998211091234,16
dr1,wnt1,Lv,2.4684585847504112,20
dr1,wnt1,Lv,3.0321406913280766,24
ets1,wnt1,Lv,7.4040219378427805,6
ets1,wnt1,Lv,10.052576235541537,9
ets1,wnt1,Lv,1.962303124193132,12
ets1,wnt1,Lv,0.5366726296958855,16
ets1,wnt1,Lv,0.3291278113000549,20
ets1,wnt1,Lv,0.2425712553062462,24
erg,wnt1,Lv,0,6
erg,wnt1,Lv,0,9
erg,wnt1,Lv,0,12
erg,wnt1,Lv,0,16
erg,wnt1,Lv,0,20
erg,wnt1,Lv,0,24
foxB,wnt1,Lv,0.14625228519195613,6
foxB,wnt1,Lv,0.042060988433228176,9
foxB,wnt1,Lv,0.6196746707978312,12
foxB,wnt1,Lv,0.35778175313059035,16
foxB,wnt1,Lv,0,20
foxB,wnt1,Lv,0.4244996967859309,24
foxN2,wnt1,Lv,6.087751371115173,6
foxN2,wnt1,Lv,19.72660357518402,9
foxN2,wnt1,Lv,11.386522075910149,12
foxN2,wnt1,Lv,2.59391771,16
foxN2,wnt1,Lv,1.8102029621503013,20
foxN2,wnt1,Lv,0.9096422073984234,24
foxO,wnt1,Lv,1.3345521023765996,6
foxO,wnt1,Lv,2.5026288117770767,9
foxO,wnt1,Lv,1.8073844564936743,12
foxO,wnt1,Lv,0.6261180679785331,16
foxO,wnt1,Lv,0.6582556226001097,20
foxO,wnt1,Lv,0.060642814,24
hesC,wnt1,Lv,4.899451553930531,6
hesC,wnt1,Lv,6.182965299684542,9
hesC,wnt1,Lv,13.064807642654273,12
hesC,wnt1,Lv,3.667262969588552,16
hesC,wnt1,Lv,1.1519473395501922,20
hesC,wnt1,Lv,0.3638568829593693,24
hex,wnt1,Lv,4.387568555758683,6
hex,wnt1,Lv,4.963196635120926,9
hex,wnt1,Lv,1.2135295636457526,12
hex,wnt1,Lv,0.089445438,16
hex,wnt1,Lv,0.10970927043335164,20
hex,wnt1,Lv,0.3638568829593693,24
hnf6,wnt1,Lv,3.4917733089579523,6
hnf6,wnt1,Lv,2.5026288117770767,9
hnf6,wnt1,Lv,1.6266460108443066,12
hnf6,wnt1,Lv,0.4472271914132379,16
hnf6,wnt1,Lv,1.3713658804168951,20
hnf6,wnt1,Lv,1.5767131594906003,24
soxC,wnt1,Lv,2.9616087751371114,6
soxC,wnt1,Lv,3.3648790746582544,9
soxC,wnt1,Lv,1.5233668990446685,12
soxC,wnt1,Lv,0.26833631484794274,16
soxC,wnt1,Lv,0.4388370817334065,20
soxC,wnt1,Lv,0.1212856276531231,24
tel,wnt1,Lv,2.8519195612431445,6
tel,wnt1,Lv,5.888538380651945,9
tel,wnt1,Lv,0.7229537825974697,12
tel,wnt1,Lv,0.17889087656529518,16
tel,wnt1,Lv,0.3839824465167305,20
tel,wnt1,Lv,0.2425712553062462,24
tbr,wnt1,Lv,10.054844606946984,6
tbr,wnt1,Lv,15.247108307045215,9
tbr,wnt1,Lv,1.4200877872450297,12
tbr,wnt1,Lv,0.5366726296958855,16
tbr,wnt1,Lv,0.2194185408667033,20
tbr,wnt1,Lv,0.060642814,24
tgif,wnt1,Lv,1.1700182815356492,6
tgif,wnt1,Lv,3.5751840168243962,9
tgif,wnt1,Lv,6.609863155176865,12
tgif,wnt1,Lv,1.6100178890876566,16
tgif,wnt1,Lv,1.6456390565002743,20
tgif,wnt1,Lv,0.7883565797453002,24
delta,wnt1,Lv,8.171846435100548,6
delta,wnt1,Lv,14.006309148264986,9
delta,wnt1,Lv,1.2135295636457526,12
delta,wnt1,Lv,0.089445438,16
delta,wnt1,Lv,0.2194185408667033,20
delta,wnt1,Lv,0.3638568829593693,24
fgf,wnt1,Lv,5.3747714808043865,6
fgf,wnt1,Lv,4.710830704521556,9
fgf,wnt1,Lv,2.4270591272915047,12
fgf,wnt1,Lv,0.26833631484794274,16
fgf,wnt1,Lv,0.5485463521667581,20
fgf,wnt1,Lv,0.6670709520921769,24
vegfr10,wnt1,Lv,0.18281535648994515,6
vegfr10,wnt1,Lv,4.9211356466876985,9
vegfr10,wnt1,Lv,1.1618900077459329,12
vegfr10,wnt1,Lv,0.35778175313059035,16
vegfr10,wnt1,Lv,0.3291278113000549,20
vegfr10,wnt1,Lv,0.18192844147968465,24
alx1,wnt8,Lv,2.303473491773309,6
alx1,wnt8,Lv,1.5772870662460567,9
alx1,wnt8,Lv,0.9036922282468371,12
alx1,wnt8,Lv,0.089445438,16
alx1,wnt8,Lv,0.10970927043335164,20
alx1,wnt8,Lv,0,24
pmar1,wnt8,Lv,5.8318098720292495,6
pmar1,wnt8,Lv,3.301787592008412,9
pmar1,wnt8,Lv,0.3614768912987349,12
pmar1,wnt8,Lv,0.089445438,16
pmar1,wnt8,Lv,0.10970927043335164,20
pmar1,wnt8,Lv,0,24
dr1,wnt8,Lv,5.429616087751371,6
dr1,wnt8,Lv,1.6824395373291272,9
dr1,wnt8,Lv,4.053705138135812,12
dr1,wnt8,Lv,4.651162790697675,16
dr1,wnt8,Lv,14.262205156335714,20
dr1,wnt8,Lv,9.217707701637355,24
ets1,wnt8,Lv,15.009140767824498,6
ets1,wnt8,Lv,11.735015772870662,9
ets1,wnt8,Lv,4.027885360185904,12
ets1,wnt8,Lv,0.6261180679785331,16
ets1,wnt8,Lv,0.8776741634668129,20
ets1,wnt8,Lv,0.4851425106124924,24
erg,wnt8,Lv,0,6
erg,wnt8,Lv,0,9
erg,wnt8,Lv,0,12
erg,wnt8,Lv,0,16
erg,wnt8,Lv,0,20
erg,wnt8,Lv,0,24
foxB,wnt8,Lv,0.3473491773308958,6
foxB,wnt8,Lv,0.042060988433228176,9
foxB,wnt8,Lv,1.2135295636457526,12
foxB,wnt8,Lv,0,16
foxB,wnt8,Lv,0.10970927043335164,20
foxB,wnt8,Lv,0.3638568829593693,24
foxN2,wnt8,Lv,9.798903107861062,6
foxN2,wnt8,Lv,19.28496319663512,9
foxN2,wnt8,Lv,13.684482313452106,12
foxN2,wnt8,Lv,3.577817531305904,16
foxN2,wnt8,Lv,3.3461327482172245,20
foxN2,wnt8,Lv,1.6979987871437234,24
foxO,wnt8,Lv,3.2358318098720287,6
foxO,wnt8,Lv,4.879074658254469,9
foxO,wnt8,Lv,4.053705138135812,12
foxO,wnt8,Lv,1.520572450805009,16
foxO,wnt8,Lv,2.084476138233681,20
foxO,wnt8,Lv,0.4244996967859309,24
hesC,wnt8,Lv,16.855575868372945,6
hesC,wnt8,Lv,16.382754994742378,9
hesC,wnt8,Lv,32.86857733023496,12
hesC,wnt8,Lv,10.286225402504472,16
hesC,wnt8,Lv,4.991771804717499,20
hesC,wnt8,Lv,1.394784718010916,24
hex,wnt8,Lv,7.001828154,6
hex,wnt8,Lv,2.9863301787592014,9
hex,wnt8,Lv,1.9106635682933129,12
hex,wnt8,Lv,0.26833631484794274,16
hex,wnt8,Lv,0.603400987,20
hex,wnt8,Lv,0.6670709520921769,24
hnf6,wnt8,Lv,12.120658135283366,6
hnf6,wnt8,Lv,12.23974763,9
hnf6,wnt8,Lv,10.35373095791376,12
hnf6,wnt8,Lv,4.919499105545618,16
hnf6,wnt8,Lv,8.776741634668129,20
hnf6,wnt8,Lv,2.850212249848393,24
soxC,wnt8,Lv,4.753199268738574,6
soxC,wnt8,Lv,5.299684542586751,9
soxC,wnt8,Lv,2.5819777949909626,12
soxC,wnt8,Lv,0.8050089445438283,16
soxC,wnt8,Lv,1.0970927043335161,20
soxC,wnt8,Lv,0.3638568829593693,24
tel,wnt8,Lv,4.168190128,6
tel,wnt8,Lv,5.846477392218717,9
tel,wnt8,Lv,1.4459075651949391,12
tel,wnt8,Lv,0.5366726296958855,16
tel,wnt8,Lv,0.9873834339001646,20
tel,wnt8,Lv,0.3638568829593693,24
tbr,wnt8,Lv,18.592321755027424,6
tbr,wnt8,Lv,11.62986330178759,9
tbr,wnt8,Lv,2.4270591272915047,12
tbr,wnt8,Lv,0.35778175313059035,16
tbr,wnt8,Lv,0.7131102578167855,20
tbr,wnt8,Lv,0.18192844147968465,24
tgif,wnt8,Lv,4.241316270566728,6
tgif,wnt8,Lv,2.060988433228181,9
tgif,wnt8,Lv,8.675445391169635,12
tgif,wnt8,Lv,3.1305903398926653,16
tgif,wnt8,Lv,3.3461327482172245,20
tgif,wnt8,Lv,1.2734990903577923,24
delta,wnt8,Lv,10.219378427787934,6
delta,wnt8,Lv,10.536277602523661,9
delta,wnt8,Lv,2.297960237541957,12
delta,wnt8,Lv,0.089445438,16
delta,wnt8,Lv,1.3713658804168951,20
delta,wnt8,Lv,1.0915706488781078,24
fgf,wnt8,Lv,6.106032906764168,6
fgf,wnt8,Lv,7.339642481598317,9
fgf,wnt8,Lv,14.433255873999483,12
fgf,wnt8,Lv,6.350626118067979,16
fgf,wnt8,Lv,6.253428414701044,20
fgf,wnt8,Lv,1.8192844147968468,24
vegfr10,wnt8,Lv,0.31078610603290674,6
vegfr10,wnt8,Lv,3.953732912723449,9
vegfr10,wnt8,Lv,2.1430415698424987,12
vegfr10,wnt8,Lv,0.17889087656529518,16
vegfr10,wnt8,Lv,0.6582556226001097,20
vegfr10,wnt8,Lv,0.1212856276531231,24
wnt1,wnt8,Lv,13.217550274223035,6
wnt1,wnt8,Lv,18.990536277602523,9
wnt1,wnt8,Lv,12.238574748257165,12
wnt1,wnt8,Lv,3.488372093023256,16
wnt1,wnt8,Lv,3.1267142073505214,20
wnt1,wnt8,Lv,0.9702850212249848,24
 pmar1,alx1,He,0.096805421,6
 pmar1,alx1,He,0.17322444939371442,9
 pmar1,alx1,He,0,12
 pmar1,alx1,He,0,16
 pmar1,alx1,He,0.032488629,20
 pmar1,alx1,He,0.029019153,24
alx1,dr1,He,0,6
alx1,dr1,He,0.024746349913387776,9
alx1,dr1,He,0,12
alx1,dr1,He,0.205761317,16
alx1,dr1,He,0.35737491877842753,20
alx1,dr1,He,0.5513639001741149,24
 pmar1,dr1,He,0.096805421,6
 pmar1,dr1,He,0.0494927,9
 pmar1,dr1,He,0,12
 pmar1,dr1,He,0.411522634,16
 pmar1,dr1,He,0.1949317738791423,20
 pmar1,dr1,He,0.14509576320371445,24
alx1,ets1,He,0,6
alx1,ets1,He,0.17322444939371442,9
alx1,ets1,He,0.084997875,12
alx1,ets1,He,0.411522634,16
alx1,ets1,He,0.2599090318388564,20
alx1,ets1,He,0.5803830528148578,24
 pmar1,ets1,He,0.1936108422071636,6
 pmar1,ets1,He,0.12373174956693887,9
 pmar1,ets1,He,0.14874628134296644,12
 pmar1,ets1,He,0,16
 pmar1,ets1,He,0.064977258,20
 pmar1,ets1,He,0.029019153,24
dr1,ets1,He,0,6
dr1,ets1,He,0.024746349913387776,9
dr1,ets1,He,0,12
dr1,ets1,He,0.205761317,16
dr1,ets1,He,0.3898635477582846,20
dr1,ets1,He,0.5803830528148578,24
alx1,erg,He,0,6
alx1,erg,He,1.5342736946300422,9
alx1,erg,He,0.084997875,12
alx1,erg,He,0.205761317,16
alx1,erg,He,0.2274204028589993,20
alx1,erg,He,0.2321532211259431,24
 pmar1,erg,He,0,6
 pmar1,erg,He,0.4701806483543677,9
 pmar1,erg,He,0.16999575010624735,12
 pmar1,erg,He,0,16
 pmar1,erg,He,0.064977258,20
 pmar1,erg,He,0.029019153,24
dr1,erg,He,0,6
dr1,erg,He,0.07423905,9
dr1,erg,He,0.021249468763280918,12
dr1,erg,He,0.205761317,16
dr1,erg,He,0.1949317738791423,20
dr1,erg,He,0.2321532211259431,24
erg,ets1,He,0.048402711,6
erg,ets1,He,0.4701806483543677,9
erg,ets1,He,2.5499362515937105,12
erg,ets1,He,2.4691358024691357,16
erg,ets1,He,0.5847953216374269,20
erg,ets1,He,0.4643064422518862,24
alx1,foxB,He,0,6
alx1,foxB,He,0,9
alx1,foxB,He,0,12
alx1,foxB,He,0,16
alx1,foxB,He,0,20
alx1,foxB,He,0,24
 pmar1,foxB,He,0,6
 pmar1,foxB,He,0,9
 pmar1,foxB,He,0,12
 pmar1,foxB,He,0,16
 pmar1,foxB,He,0,20
 pmar1,foxB,He,0,24
dr1,foxB,He,0,6
dr1,foxB,He,0,9
dr1,foxB,He,0,12
dr1,foxB,He,0.205761317,16
dr1,foxB,He,0.032488629,20
dr1,foxB,He,0.087057458,24
ets1,foxB,He,0,6
ets1,foxB,He,0,9
ets1,foxB,He,0,12
ets1,foxB,He,0,16
ets1,foxB,He,0,20
ets1,foxB,He,0,24
erg,foxB,He,0,6
erg,foxB,He,0,9
erg,foxB,He,0,12
erg,foxB,He,0,16
erg,foxB,He,0,20
erg,foxB,He,0,24
alx1,foxN2,He,0,6
alx1,foxN2,He,1.4847809948032664,9
alx1,foxN2,He,0.4249893752656183,12
alx1,foxN2,He,0.205761317,16
alx1,foxN2,He,0.35737491877842753,20
alx1,foxN2,He,0.9866511897852582,24
 pmar1,foxN2,He,0.1936108422071636,6
 pmar1,foxN2,He,0.4949269982677555,9
 pmar1,foxN2,He,0.40373990650233743,12
 pmar1,foxN2,He,0,16
 pmar1,foxN2,He,0.064977258,20
 pmar1,foxN2,He,0.087057458,24
dr1,foxN2,He,0,6
dr1,foxN2,He,0.17322444939371442,9
dr1,foxN2,He,0.042498937526561836,12
dr1,foxN2,He,1.646090534979424,16
dr1,foxN2,He,4.028589993502274,20
dr1,foxN2,He,5.513639001741148,24
ets1,foxN2,He,0.048402711,6
ets1,foxN2,He,0.8166295471417966,9
ets1,foxN2,He,4.0586485337866565,12
ets1,foxN2,He,2.4691358024691357,16
ets1,foxN2,He,1.1695906432748535,20
ets1,foxN2,He,1.4509576320371445,24
erg,foxN2,He,0,6
erg,foxN2,He,5.394704281118535,9
erg,foxN2,He,7.458563535911603,12
erg,foxN2,He,1.646090534979424,16
erg,foxN2,He,0.4223521767381416,20
erg,foxN2,He,0.4933255948926291,24
foxB,foxN2,He,0,6
foxB,foxN2,He,0,9
foxB,foxN2,He,0,12
foxB,foxN2,He,0,16
foxB,foxN2,He,0.032488629,20
foxB,foxN2,He,0.058038305,24
alx1,foxO,He,0.096805421,6
alx1,foxO,He,0.3959415986142044,9
alx1,foxO,He,0.042498937526561836,12
alx1,foxO,He,0.411522634,16
alx1,foxO,He,0.064977258,20
alx1,foxO,He,0.3772489843296576,24
 pmar1,foxO,He,0.7260406582768635,6
 pmar1,foxO,He,0.5196733481811433,9
 pmar1,foxO,He,0.063748406,12
 pmar1,foxO,He,0.411522634,16
 pmar1,foxO,He,0.2274204028589993,20
 pmar1,foxO,He,0.14509576320371445,24
dr1,foxO,He,0.14520813165537272,6
dr1,foxO,He,0.12373174956693887,9
dr1,foxO,He,0.021249468763280918,12
dr1,foxO,He,4.938271604938271,16
dr1,foxO,He,7.7972709551656925,20
dr1,foxO,He,7.225769007544978,24
ets1,foxO,He,0.096805421,6
ets1,foxO,He,0.8413758970551845,9
ets1,foxO,He,0.5524861878453038,12
ets1,foxO,He,0.205761317,16
ets1,foxO,He,0.29239766081871343,20
ets1,foxO,He,0.8415554265815438,24
erg,foxO,He,0.048402711,6
erg,foxO,He,1.0393466963622866,9
erg,foxO,He,0.9774755631109222,12
erg,foxO,He,0.411522634,16
erg,foxO,He,0.032488629,20
erg,foxO,He,0.14509576320371445,24
foxB,foxO,He,0,6
foxB,foxO,He,0,9
foxB,foxO,He,0,12
foxB,foxO,He,0,16
foxB,foxO,He,0,20
foxB,foxO,He,0.058038305,24
foxN2,foxO,He,0.14520813165537272,6
foxN2,foxO,He,2.2766641920316752,9
foxN2,foxO,He,2.3799405014874626,12
foxN2,foxO,He,1.8518518518518519,16
foxN2,foxO,He,1.981806368,20
foxN2,foxO,He,4.759141033081834,24
alx1,hesC,He,0,6
alx1,hesC,He,0,9
alx1,hesC,He,0,12
alx1,hesC,He,0,16
alx1,hesC,He,0,20
alx1,hesC,He,0,24
 pmar1,hesC,He,0,6
 pmar1,hesC,He,0,9
 pmar1,hesC,He,0,12
 pmar1,hesC,He,0,16
 pmar1,hesC,He,0,20
 pmar1,hesC,He,0,24
dr1,hesC,He,0,6
dr1,hesC,He,0,9
dr1,hesC,He,0,12
dr1,hesC,He,0,16
dr1,hesC,He,0,20
dr1,hesC,He,0,24
ets1,hesC,He,0,6
ets1,hesC,He,0,9
ets1,hesC,He,0,12
ets1,hesC,He,0,16
ets1,hesC,He,0,20
ets1,hesC,He,0,24
erg,hesC,He,0,6
erg,hesC,He,0,9
erg,hesC,He,0,12
erg,hesC,He,0,16
erg,hesC,He,0,20
erg,hesC,He,0,24
foxB,hesC,He,0,6
foxB,hesC,He,0,9
foxB,hesC,He,0,12
foxB,hesC,He,0,16
foxB,hesC,He,0,20
foxB,hesC,He,0,24
foxN2,hesC,He,0,6
foxN2,hesC,He,0,9
foxN2,hesC,He,0,12
foxN2,hesC,He,0,16
foxN2,hesC,He,0,20
foxN2,hesC,He,0,24
foxO,hesC,He,0,6
foxO,hesC,He,0,9
foxO,hesC,He,0,12
foxO,hesC,He,0,16
foxO,hesC,He,0,20
foxO,hesC,He,0,24
alx1,hex,He,0.048402711,6
alx1,hex,He,0.34644889878742885,9
alx1,hex,He,0.4462388440288993,12
alx1,hex,He,0.411522634,16
alx1,hex,He,0.4873294346978557,20
alx1,hex,He,1.044689495066744,24
 pmar1,hex,He,0.3388189738625363,6
 pmar1,hex,He,0.22271714922049002,9
 pmar1,hex,He,0.2337441563960901,12
 pmar1,hex,He,0,16
 pmar1,hex,He,0.1299545159194282,20
 pmar1,hex,He,0.058038305,24
dr1,hex,He,0.048402711,6
dr1,hex,He,0.12373174956693887,9
dr1,hex,He,0.021249468763280918,12
dr1,hex,He,0.411522634,16
dr1,hex,He,0.682261209,20
dr1,hex,He,0.7544979686593152,24
ets1,hex,He,0.096805421,6
ets1,hex,He,0.4454342984409799,9
ets1,hex,He,4.441138971525712,12
ets1,hex,He,5.761316872427982,16
ets1,hex,He,2.2742040285899936,20
ets1,hex,He,1.6540917005223448,24
erg,hex,He,0,6
erg,hex,He,1.0640930462756744,9
erg,hex,He,5.163620909477262,12
erg,hex,He,3.909465020576132,16
erg,hex,He,0.682261209,20
erg,hex,He,0.9286128845037724,24
foxB,hex,He,0,6
foxB,hex,He,0,9
foxB,hex,He,0,12
foxB,hex,He,0,16
foxB,hex,He,0,20
foxB,hex,He,0,24
foxN2,hex,He,0,6
foxN2,hex,He,1.5095273447166542,9
foxN2,hex,He,11.857203569910753,12
foxN2,hex,He,5.761316872427982,16
foxN2,hex,He,2.2742040285899936,20
foxN2,hex,He,2.959953569355775,24
foxO,hex,He,0.2420135527589545,6
foxO,hex,He,1.7074981440237564,9
foxO,hex,He,1.2324691882702932,12
foxO,hex,He,1.2345679012345678,16
foxO,hex,He,0.9096816114359974,20
foxO,hex,He,2.1474172954149737,24
hesC,hex,He,0,6
hesC,hex,He,0,9
hesC,hex,He,0,12
hesC,hex,He,0,16
hesC,hex,He,0,20
hesC,hex,He,0,24
alx1,hnf6,He,0.1936108422071636,6
alx1,hnf6,He,1.0393466963622866,9
alx1,hnf6,He,0.063748406,12
alx1,hnf6,He,0,16
alx1,hnf6,He,0.032488629,20
alx1,hnf6,He,0.087057458,24
 pmar1,hnf6,He,2.7105517909002903,6
 pmar1,hnf6,He,2.1529324424647367,9
 pmar1,hnf6,He,0.3399915002124947,12
 pmar1,hnf6,He,1.028806584,16
 pmar1,hnf6,He,0.064977258,20
 pmar1,hnf6,He,0.087057458,24
dr1,hnf6,He,0.096805421,6
dr1,hnf6,He,0.4454342984409799,9
dr1,hnf6,He,0.021249468763280918,12
dr1,hnf6,He,8.024691358024691,16
dr1,hnf6,He,9.259259259,20
dr1,hnf6,He,9.837492745,24
ets1,hnf6,He,0.5324298160696999,6
ets1,hnf6,He,2.202425142291512,9
ets1,hnf6,He,0.19124521886952825,12
ets1,hnf6,He,0,16
ets1,hnf6,He,0.064977258,20
ets1,hnf6,He,0.087057458,24
erg,hnf6,He,0.048402711,6
erg,hnf6,He,1.9549616431576344,9
erg,hnf6,He,0.3824904377390565,12
erg,hnf6,He,0,16
erg,hnf6,He,0.064977258,20
erg,hnf6,He,0.058038305,24
foxB,hnf6,He,0,6
foxB,hnf6,He,0,9
foxB,hnf6,He,0,12
foxB,hnf6,He,0,16
foxB,hnf6,He,0,20
foxB,hnf6,He,0.087057458,24
foxN2,hnf6,He,0.048402711,6
foxN2,hnf6,He,6.4340509774808226,9
foxN2,hnf6,He,2.0611984700382493,12
foxN2,hnf6,He,1.646090534979424,16
foxN2,hnf6,He,0.7797270955165692,20
foxN2,hnf6,He,2.3505513639001743,24
foxO,hnf6,He,1.3552758954501452,6
foxO,hnf6,He,15.095273447166546,9
foxO,hnf6,He,2.3374415639609007,12
foxO,hnf6,He,2.263374485596708,16
foxO,hnf6,He,3.0214424951267054,20
foxO,hnf6,He,3.3952408589669183,24
hesC,hnf6,He,0,6
hesC,hnf6,He,0,9
hesC,hnf6,He,0,12
hesC,hnf6,He,0,16
hesC,hnf6,He,0,20
hesC,hnf6,He,0,24
hex,hnf6,He,0.484027106,6
hex,hnf6,He,5.914377629299677,9
hex,hnf6,He,0.7649808754781129,12
hex,hnf6,He,0.205761317,16
hex,hnf6,He,0.2599090318388564,20
hex,hnf6,He,0.2901915264074289,24
alx1,soxC,He,0.14520813165537272,6
alx1,soxC,He,2.4746349913387777,9
alx1,soxC,He,0.10624734381640458,12
alx1,soxC,He,0.8230452674897121,16
alx1,soxC,He,0.5847953216374269,20
alx1,soxC,He,1.3348810214741729,24
 pmar1,soxC,He,1.2584704743465636,6
 pmar1,soxC,He,1.0393466963622866,9
 pmar1,soxC,He,0.2974925626859329,12
 pmar1,soxC,He,0.411522634,16
 pmar1,soxC,He,0.2599090318388564,20
 pmar1,soxC,He,0.20313406848520024,24
dr1,soxC,He,0,6
dr1,soxC,He,0.22271714922049002,9
dr1,soxC,He,0.10624734381640458,12
dr1,soxC,He,7.818930041152264,16
dr1,soxC,He,11.500974658869396,20
dr1,soxC,He,13.75507835171213,24
ets1,soxC,He,0.2420135527589545,6
ets1,soxC,He,1.4352882949764911,9
ets1,soxC,He,1.5087122821929453,12
ets1,soxC,He,1.4403292181069958,16
ets1,soxC,He,0.7147498375568551,20
ets1,soxC,He,1.4509576320371445,24
erg,soxC,He,0.048402711,6
erg,soxC,He,9.898539965355114,9
erg,soxC,He,4.334891627709308,12
erg,soxC,He,1.2345679012345678,16
erg,soxC,He,0.29239766081871343,20
erg,soxC,He,0.4352872896111433,24
foxB,soxC,He,0,6
foxB,soxC,He,0,9
foxB,soxC,He,0,12
foxB,soxC,He,0,16
foxB,soxC,He,0.064977258,20
foxB,soxC,He,0.11607661056297155,24
foxN2,soxC,He,0.14520813165537272,6
foxN2,soxC,He,9.403612967087357,9
foxN2,soxC,He,10.518487037824055,12
foxN2,soxC,He,5.349794238683128,16
foxN2,soxC,He,5.198180636777128,20
foxN2,soxC,He,12.420197330237956,24
foxO,soxC,He,0.968054211,6
foxO,soxC,He,4.404850284583024,9
foxO,soxC,He,2.8261793455163624,12
foxO,soxC,He,4.115226337,16
foxO,soxC,He,5.035737491877843,20
foxO,soxC,He,8.183401044689495,24
hesC,soxC,He,0,6
hesC,soxC,He,0,9
hesC,soxC,He,0,12
hesC,soxC,He,0,16
hesC,soxC,He,0,20
hesC,soxC,He,0,24
hex,soxC,He,0.29041626331074544,6
hex,soxC,He,2.89532294,9
hex,soxC,He,3.697407565,12
hex,soxC,He,2.8806584362139915,16
hex,soxC,He,1.7868745938921378,20
hex,soxC,He,2.2634939059779446,24
hnf6,soxC,He,2.2265246853823806,6
hnf6,soxC,He,13.189804503835685,9
hnf6,soxC,He,5.822354441138973,12
hnf6,soxC,He,7.2016460905349815,16
hnf6,soxC,He,4.580896686159844,20
hnf6,soxC,He,8.009286128845037,24
alx1,tel,He,0.048402711,6
alx1,tel,He,1.3363028953229399,9
alx1,tel,He,0.2762430939226519,12
alx1,tel,He,0,16
alx1,tel,He,0.2599090318388564,20
alx1,tel,He,0.2901915264074289,24
 pmar1,tel,He,0.6776379477250726,6
 pmar1,tel,He,0.7671368473150211,9
 pmar1,tel,He,0.2974925626859329,12
 pmar1,tel,He,0.205761317,16
 pmar1,tel,He,0.064977258,20
 pmar1,tel,He,0.029019153,24
dr1,tel,He,0.096805421,6
dr1,tel,He,0.17322444939371442,9
dr1,tel,He,0.021249468763280918,12
dr1,tel,He,2.4691358024691357,16
dr1,tel,He,3.8986354775828462,20
dr1,tel,He,4.120719674985491,24
ets1,tel,He,0.14520813165537272,6
ets1,tel,He,1.0640930462756744,9
ets1,tel,He,2.507437314067148,12
ets1,tel,He,2.057613169,16
ets1,tel,He,0.9421702404158544,20
ets1,tel,He,0.9866511897852582,24
erg,tel,He,0,6
erg,tel,He,4.404850284583024,9
erg,tel,He,4.249893752656184,12
erg,tel,He,1.028806584,16
erg,tel,He,0.2599090318388564,20
erg,tel,He,0.3192106790481718,24
foxB,tel,He,0,6
foxB,tel,He,0,9
foxB,tel,He,0,12
foxB,tel,He,0,16
foxB,tel,He,0.064977258,20
foxB,tel,He,0,24
foxN2,tel,He,0,6
foxN2,tel,He,5.2462261816382085,9
foxN2,tel,He,9.583510412239695,12
foxN2,tel,He,2.8806584362139915,16
foxN2,tel,He,1.364522417153996,20
foxN2,tel,He,3.4242600116076614,24
foxO,tel,He,0.6776379477250726,6
foxO,tel,He,4.949269982677557,9
foxO,tel,He,2.082447939,12
foxO,tel,He,1.8518518518518519,16
foxO,tel,He,2.014294996751137,20
foxO,tel,He,2.8728961114335463,24
hesC,tel,He,0,6
hesC,tel,He,0,9
hesC,tel,He,0,12
hesC,tel,He,0,16
hesC,tel,He,0,20
hesC,tel,He,0,24
hex,tel,He,0.096805421,6
hex,tel,He,2.4498886414253898,9
hex,tel,He,8.181045473863154,12
hex,tel,He,3.4979423868312765,16
hex,tel,He,1.5269655620532814,20
hex,tel,He,2.0313406848520024,24
hnf6,tel,He,1.0648596321393995,6
hnf6,tel,He,15.961395694135113,9
hnf6,tel,He,3.5274118147046325,12
hnf6,tel,He,2.057613169,16
hnf6,tel,He,1.7543859649122806,20
hnf6,tel,He,2.4376088218224026,24
soxC,tel,He,0.7744433688286544,6
soxC,tel,He,9.799554566,9
soxC,tel,He,5.737356566085848,12
soxC,tel,He,3.2921810699588483,16
soxC,tel,He,3.443794671864847,20
soxC,tel,He,5.658734764944862,24
alx1,tbr,He,0.1936108422071636,6
alx1,tbr,He,0.5691660480079188,9
alx1,tbr,He,0.084997875,12
alx1,tbr,He,0,16
alx1,tbr,He,0.032488629,20
alx1,tbr,He,0.029019153,24
 pmar1,tbr,He,3.678606001936109,6
 pmar1,tbr,He,0.3959415986142044,9
 pmar1,tbr,He,0.063748406,12
 pmar1,tbr,He,0,16
 pmar1,tbr,He,0,20
 pmar1,tbr,He,0,24
dr1,tbr,He,0.2420135527589545,6
dr1,tbr,He,0.0494927,9
dr1,tbr,He,0.021249468763280918,12
dr1,tbr,He,0,16
dr1,tbr,He,0.097465887,20
dr1,tbr,He,0.087057458,24
ets1,tbr,He,0.6776379477250726,6
ets1,tbr,He,0.4206879485275922,9
ets1,tbr,He,2.3799405014874626,12
ets1,tbr,He,0.411522634,16
ets1,tbr,He,0.032488629,20
ets1,tbr,He,0.087057458,24
erg,tbr,He,0.048402711,6
erg,tbr,He,1.9302152932442465,9
erg,tbr,He,2.9961750956226094,12
erg,tbr,He,0.205761317,16
erg,tbr,He,0,20
erg,tbr,He,0,24
foxB,tbr,He,0,6
foxB,tbr,He,0,9
foxB,tbr,He,0,12
foxB,tbr,He,0,16
foxB,tbr,He,0,20
foxB,tbr,He,0,24
foxN2,tbr,He,0.3388189738625363,6
foxN2,tbr,He,2.1034397426379607,9
foxN2,tbr,He,5.801104972375691,12
foxN2,tbr,He,0,16
foxN2,tbr,He,0.097465887,20
foxN2,tbr,He,0.11607661056297155,24
foxO,tbr,He,2.7589545014520813,6
foxO,tbr,He,1.6332590942835932,9
foxO,tbr,He,0.9987250318742028,12
foxO,tbr,He,0.205761317,16
foxO,tbr,He,0.064977258,20
foxO,tbr,He,0.11607661056297155,24
hesC,tbr,He,0,6
hesC,tbr,He,0,9
hesC,tbr,He,0,12
hesC,tbr,He,0,16
hesC,tbr,He,0,20
hesC,tbr,He,0,24
hex,tbr,He,0.5808325266214909,6
hex,tbr,He,1.0146003464488988,9
hex,tbr,He,4.781130471738206,12
hex,tbr,He,0.411522634,16
hex,tbr,He,0.097465887,20
hex,tbr,He,0.11607661056297155,24
hnf6,tbr,He,5.4211035818005815,6
hnf6,tbr,He,4.602821083890127,9
hnf6,tbr,He,0.3824904377390565,12
hnf6,tbr,He,0,16
hnf6,tbr,He,0.032488629,20
hnf6,tbr,He,0.087057458,24
soxC,tbr,He,3.436592449177154,6
soxC,tbr,He,4.0089086859688186,9
soxC,tbr,He,2.783680408,12
soxC,tbr,He,0,16
soxC,tbr,He,0.1299545159194282,20
soxC,tbr,He,0.3772489843296576,24
tbr,tel,He,2.855759922555664,6
tbr,tel,He,2.647859440732492,9
tbr,tel,He,3.4424139396515083,12
tbr,tel,He,0,16
tbr,tel,He,0.064977258,20
tbr,tel,He,0.14509576320371445,24
alx1,tgif,He,0,6
alx1,tgif,He,0.6681514476614699,9
alx1,tgif,He,0.2762430939226519,12
alx1,tgif,He,0.205761317,16
alx1,tgif,He,0.682261209,20
alx1,tgif,He,1.5380150899593732,24
 pmar1,tgif,He,0.3388189738625363,6
 pmar1,tgif,He,0.3959415986142044,9
 pmar1,tgif,He,0.14874628134296644,12
 pmar1,tgif,He,0,16
 pmar1,tgif,He,0.29239766081871343,20
 pmar1,tgif,He,0.17411491584445735,24
dr1,tgif,He,0,6
dr1,tgif,He,0.12373174956693887,9
dr1,tgif,He,0.021249468763280918,12
dr1,tgif,He,1.4403292181069958,16
dr1,tgif,He,8.771929824561402,20
dr1,tgif,He,8.502611723737667,24
ets1,tgif,He,0,6
ets1,tgif,He,0.5691660480079188,9
ets1,tgif,He,1.3387165320866978,12
ets1,tgif,He,4.938271604938271,16
ets1,tgif,He,2.566601689408707,20
ets1,tgif,He,2.292513058618688,24
erg,tgif,He,0,6
erg,tgif,He,2.1034397426379607,9
erg,tgif,He,1.8699532511687211,12
erg,tgif,He,3.7037037037037033,16
erg,tgif,He,1.0071474983755686,20
erg,tgif,He,0.8415554265815438,24
foxB,tgif,He,0,6
foxB,tgif,He,0,9
foxB,tgif,He,0,12
foxB,tgif,He,0,16
foxB,tgif,He,0.097465887,20
foxB,tgif,He,0.11607661056297155,24
foxN2,tgif,He,0.096805421,6
foxN2,tgif,He,2.5241276911655532,9
foxN2,tgif,He,6.863578410539737,12
foxN2,tgif,He,5.967078189300412,16
foxN2,tgif,He,7.472384665,20
foxN2,tgif,He,14.625652930934415,24
foxO,tgif,He,0.3388189738625363,6
foxO,tgif,He,2.4003959415986142,9
foxO,tgif,He,0.7862303442413942,12
foxO,tgif,He,2.4691358024691357,16
foxO,tgif,He,5.4905782975958415,20
foxO,tgif,He,8.473592571096923,24
hesC,tgif,He,0,6
hesC,tgif,He,0,9
hesC,tgif,He,0,12
hesC,tgif,He,0,16
hesC,tgif,He,0,20
hesC,tgif,He,0,24
hex,tgif,He,0.096805421,6
hex,tgif,He,1.5837663944568177,9
hex,tgif,He,6.438589035274117,12
hex,tgif,He,10.28806584,16
hex,tgif,He,6.042884990253412,20
hex,tgif,He,6.761462565293093,24
hnf6,tgif,He,0.484027106,6
hnf6,tgif,He,9.502598366740903,9
hnf6,tgif,He,0.5524861878453038,12
hnf6,tgif,He,1.2345679012345678,16
hnf6,tgif,He,2.696556205328135,20
hnf6,tgif,He,3.8595473012188046,24
soxC,tgif,He,0.2420135527589545,6
soxC,tgif,He,4.305864884929473,9
soxC,tgif,He,2.5711857203569912,12
soxC,tgif,He,5.5555555555555545,16
soxC,tgif,He,12.378167641325536,20
soxC,tgif,He,18.601276842716192,24
tel,tgif,He,0.096805421,6
tel,tgif,He,4.0089086859688186,9
tel,tgif,He,4.526136846578836,12
tel,tgif,He,4.115226337,16
tel,tgif,He,4.061078622482131,20
tel,tgif,He,5.629715612304121,24
tbr,tgif,He,0.5324298160696999,6
tbr,tgif,He,1.1878247958426131,9
tbr,tgif,He,1.848703782,12
tbr,tgif,He,0.411522634,16
tbr,tgif,He,0.097465887,20
tbr,tgif,He,0.2901915264074289,24
alx1,delta,He,0.096805421,6
alx1,delta,He,1.311556545409552,9
alx1,delta,He,0.084997875,12
alx1,delta,He,0.205761317,16
alx1,delta,He,0.16244314489928524,20
alx1,delta,He,0.3192106790481718,24
 pmar1,delta,He,0.29041626331074544,6
 pmar1,delta,He,0.5691660480079188,9
 pmar1,delta,He,0.21249468763280915,12
 pmar1,delta,He,0,16
 pmar1,delta,He,0,20
 pmar1,delta,He,0.058038305,24
delta,dr1,He,0,6
delta,dr1,He,0.07423905,9
delta,dr1,He,0,12
delta,dr1,He,0.205761317,16
delta,dr1,He,0.3898635477582846,20
delta,dr1,He,0.6094022054556006,24
delta,ets1,He,0.096805421,6
delta,ets1,He,0.5196733481811433,9
delta,ets1,He,1.4874628134296641,12
delta,ets1,He,1.028806584,16
delta,ets1,He,0.16244314489928524,20
delta,ets1,He,0.261172374,24
delta,erg,He,0,6
delta,erg,He,5.617421430339025,9
delta,erg,He,1.9549511262218444,12
delta,erg,He,0.6172839506172839,16
delta,erg,He,0.097465887,20
delta,erg,He,0.17411491584445735,24
delta,foxB,He,0,6
delta,foxB,He,0,9
delta,foxB,He,0,12
delta,foxB,He,0,16
delta,foxB,He,0,20
delta,foxB,He,0,24
delta,foxN2,He,0.096805421,6
delta,foxN2,He,4.503835684236575,9
delta,foxN2,He,4.781130471738206,12
delta,foxN2,He,0.6172839506172839,16
delta,foxN2,He,0.5847953216374269,20
delta,foxN2,He,0.8705745792222866,24
delta,foxO,He,0.29041626331074544,6
delta,foxO,He,0.989853997,9
delta,foxO,He,0.9349766255843605,12
delta,foxO,He,0,16
delta,foxO,He,0.29239766081871343,20
delta,foxO,He,0.6094022054556006,24
delta,hesC,He,0,6
delta,hesC,He,0,9
delta,hesC,He,0,12
delta,hesC,He,0,16
delta,hesC,He,0,20
delta,hesC,He,0,24
delta,hex,He,0.1936108422071636,6
delta,hex,He,1.2125711457560011,9
delta,hex,He,3.2299192520186994,12
delta,hex,He,1.028806584,16
delta,hex,He,0.6172839506172839,20
delta,hex,He,0.6964596633778294,24
delta,hnf6,He,0.29041626331074544,6
delta,hnf6,He,2.2271714922048997,9
delta,hnf6,He,0.4887377815554611,12
delta,hnf6,He,0.205761317,16
delta,hnf6,He,0.097465887,20
delta,hnf6,He,0.14509576320371445,24
delta,soxC,He,0.3388189738625363,6
delta,soxC,He,8.636476119772334,9
delta,soxC,He,3.1661708457288564,12
delta,soxC,He,1.028806584,16
delta,soxC,He,0.8122157244964262,20
delta,soxC,He,1.4219384793964016,24
delta,tel,He,0.096805421,6
delta,tel,He,3.8109378866617165,9
delta,tel,He,2.847428814279643,12
delta,tel,He,0.8230452674897121,16
delta,tel,He,0.5198180636777128,20
delta,tel,He,0.5513639001741149,24
delta,tbr,He,0.6776379477250726,6
delta,tbr,He,2.1034397426379607,9
delta,tbr,He,1.933701657458564,12
delta,tbr,He,0,16
delta,tbr,He,0.064977258,20
delta,tbr,He,0.058038305,24
delta,tgif,He,0,6
delta,tgif,He,1.9549616431576344,9
delta,tgif,He,1.827454313642159,12
delta,tgif,He,1.2345679012345678,16
delta,tgif,He,0.9096816114359974,20
delta,tgif,He,1.2188044109112013,24
alx1,fgf,He,0,6
alx1,fgf,He,0,9
alx1,fgf,He,0.021249468763280918,12
alx1,fgf,He,0,16
alx1,fgf,He,0.032488629,20
alx1,fgf,He,0.14509576320371445,24
 pmar1,fgf,He,0.048402711,6
 pmar1,fgf,He,0.024746349913387776,9
 pmar1,fgf,He,0.021249468763280918,12
 pmar1,fgf,He,0.205761317,16
 pmar1,fgf,He,0.032488629,20
 pmar1,fgf,He,0,24
dr1,fgf,He,0,6
dr1,fgf,He,0,9
dr1,fgf,He,0.021249468763280918,12
dr1,fgf,He,2.8806584362139915,16
dr1,fgf,He,4.678362573099415,20
dr1,fgf,He,4.091700522344747,24
ets1,fgf,He,0,6
ets1,fgf,He,0,9
ets1,fgf,He,0,12
ets1,fgf,He,0,16
ets1,fgf,He,0,20
ets1,fgf,He,0.2321532211259431,24
erg,fgf,He,0,6
erg,fgf,He,0.024746349913387776,9
erg,fgf,He,0.021249468763280918,12
erg,fgf,He,0.205761317,16
erg,fgf,He,0,20
erg,fgf,He,0.058038305,24
fgf,foxB,He,0,6
fgf,foxB,He,0,9
fgf,foxB,He,0,12
fgf,foxB,He,0,16
fgf,foxB,He,0,20
fgf,foxB,He,0.029019153,24
fgf,foxN2,He,0,6
fgf,foxN2,He,0.12373174956693887,9
fgf,foxN2,He,0.042498937526561836,12
fgf,foxN2,He,0.6172839506172839,16
fgf,foxN2,He,0.4548408057179987,20
fgf,foxN2,He,1.5089959373186304,24
fgf,foxO,He,0,6
fgf,foxO,He,0.14847809948032664,9
fgf,foxO,He,0.042498937526561836,12
fgf,foxO,He,1.028806584,16
fgf,foxO,He,1.5594541910331383,20
fgf,foxO,He,2.176436448055717,24
fgf,hesC,He,0,6
fgf,hesC,He,0,9
fgf,hesC,He,0,12
fgf,hesC,He,0,16
fgf,hesC,He,0,20
fgf,hesC,He,0,24
fgf,hex,He,0,6
fgf,hex,He,0.07423905,9
fgf,hex,He,0.042498937526561836,12
fgf,hex,He,0,16
fgf,hex,He,0.064977258,20
fgf,hex,He,0.261172374,24
fgf,hnf6,He,0,6
fgf,hnf6,He,0.3711952487008166,9
fgf,hnf6,He,0.3612409689757756,12
fgf,hnf6,He,2.263374485596708,16
fgf,hnf6,He,2.1767381416504223,20
fgf,hnf6,He,2.4956471271038887,24
fgf,soxC,He,0.048402711,6
fgf,soxC,He,0.0989854,9
fgf,soxC,He,0.19124521886952825,12
fgf,soxC,He,2.263374485596708,16
fgf,soxC,He,1.267056530214425,20
fgf,soxC,He,3.6273940800928615,24
fgf,tel,He,0,6
fgf,tel,He,0.0989854,9
fgf,tel,He,0.084997875,12
fgf,tel,He,1.028806584,16
fgf,tel,He,0.8447043534762833,20
fgf,tel,He,1.2478235635519443,24
fgf,tbr,He,0.14520813165537272,6
fgf,tbr,He,0.0494927,9
fgf,tbr,He,0.021249468763280918,12
fgf,tbr,He,0,16
fgf,tbr,He,0,20
fgf,tbr,He,0.11607661056297155,24
fgf,tgif,He,0,6
fgf,tgif,He,0.07423905,9
fgf,tgif,He,0.021249468763280918,12
fgf,tgif,He,0.205761317,16
fgf,tgif,He,1.0071474983755686,20
fgf,tgif,He,2.408589669,24
delta,fgf,He,0.048402711,6
delta,fgf,He,0,9
delta,fgf,He,0.021249468763280918,12
delta,fgf,He,0.205761317,16
delta,fgf,He,0.1299545159194282,20
delta,fgf,He,0.20313406848520024,24
alx1,vegfr10,He,0.048402711,6
alx1,vegfr10,He,0.0494927,9
alx1,vegfr10,He,0.021249468763280918,12
alx1,vegfr10,He,0,16
alx1,vegfr10,He,0.29239766081871343,20
alx1,vegfr10,He,0.522344748,24
 pmar1,vegfr10,He,0.484027106,6
 pmar1,vegfr10,He,0.0494927,9
 pmar1,vegfr10,He,0.021249468763280918,12
 pmar1,vegfr10,He,0,16
 pmar1,vegfr10,He,0,20
 pmar1,vegfr10,He,0.029019153,24
dr1,vegfr10,He,0.048402711,6
dr1,vegfr10,He,0,9
dr1,vegfr10,He,0,12
dr1,vegfr10,He,0,16
dr1,vegfr10,He,0.3248862897985705,20
dr1,vegfr10,He,0.4933255948926291,24
ets1,vegfr10,He,0.048402711,6
ets1,vegfr10,He,0.14847809948032664,9
ets1,vegfr10,He,0.2337441563960901,12
ets1,vegfr10,He,0.6172839506172839,16
ets1,vegfr10,He,0.16244314489928524,20
ets1,vegfr10,He,0.6094022054556006,24
erg,vegfr10,He,0.096805421,6
erg,vegfr10,He,0.22271714922049002,9
erg,vegfr10,He,0.3399915002124947,12
erg,vegfr10,He,0.6172839506172839,16
erg,vegfr10,He,0.1949317738791423,20
erg,vegfr10,He,0.3192106790481718,24
foxB,vegfr10,He,0,6
foxB,vegfr10,He,0,9
foxB,vegfr10,He,0,12
foxB,vegfr10,He,0,16
foxB,vegfr10,He,0,20
foxB,vegfr10,He,0,24
foxN2,vegfr10,He,0.048402711,6
foxN2,vegfr10,He,0.3711952487008166,9
foxN2,vegfr10,He,0.4674883127921802,12
foxN2,vegfr10,He,0.411522634,16
foxN2,vegfr10,He,0.6172839506172839,20
foxN2,vegfr10,He,1.0737086477074869,24
foxO,vegfr10,He,0.29041626331074544,6
foxO,vegfr10,He,0.6186587478346944,9
foxO,vegfr10,He,0.063748406,12
foxO,vegfr10,He,0.205761317,16
foxO,vegfr10,He,0.097465887,20
foxO,vegfr10,He,0.6384213580963436,24
hesC,vegfr10,He,0,6
hesC,vegfr10,He,0,9
hesC,vegfr10,He,0,12
hesC,vegfr10,He,0,16
hesC,vegfr10,He,0,20
hesC,vegfr10,He,0,24
hex,vegfr10,He,0.048402711,6
hex,vegfr10,He,0.17322444939371442,9
hex,vegfr10,He,0.4674883127921802,12
hex,vegfr10,He,0.8230452674897121,16
hex,vegfr10,He,0.64977258,20
hex,vegfr10,He,1.1027278003482297,24
hnf6,vegfr10,He,0.5324298160696999,6
hnf6,vegfr10,He,2.0292006928977977,9
hnf6,vegfr10,He,0,12
hnf6,vegfr10,He,0,16
hnf6,vegfr10,He,0.16244314489928524,20
hnf6,vegfr10,He,0.11607661056297155,24
soxC,vegfr10,He,0.3388189738625363,6
soxC,vegfr10,He,0.6928977975748577,9
soxC,vegfr10,He,0.042498937526561836,12
soxC,vegfr10,He,0.411522634,16
soxC,vegfr10,He,0.8771929824561403,20
soxC,vegfr10,He,1.3348810214741729,24
tel,vegfr10,He,0.2420135527589545,6
tel,vegfr10,He,0.5939123979213066,9
tel,vegfr10,He,0.3824904377390565,12
tel,vegfr10,He,0.205761317,16
tel,vegfr10,He,0.3248862897985705,20
tel,vegfr10,He,0.6094022054556006,24
tbr,vegfr10,He,1.1616650532429815,6
tbr,vegfr10,He,0.3959415986142044,9
tbr,vegfr10,He,0.3399915002124947,12
tbr,vegfr10,He,0.205761317,16
tbr,vegfr10,He,0.032488629,20
tbr,vegfr10,He,0.029019153,24
tgif,vegfr10,He,0,6
tgif,vegfr10,He,0.2474634991338777,9
tgif,vegfr10,He,0.1274968125796855,12
tgif,vegfr10,He,0.8230452674897121,16
tgif,vegfr10,He,0.8122157244964262,20
tgif,vegfr10,He,1.4219384793964016,24
delta,vegfr10,He,0.14520813165537272,6
delta,vegfr10,He,0.17322444939371442,9
delta,vegfr10,He,0.10624734381640458,12
delta,vegfr10,He,0,16
delta,vegfr10,He,0.2274204028589993,20
delta,vegfr10,He,0.3482298316889147,24
fgf,vegfr10,He,0,6
fgf,vegfr10,He,0.024746349913387776,9
fgf,vegfr10,He,0,12
fgf,vegfr10,He,0.205761317,16
fgf,vegfr10,He,0.064977258,20
fgf,vegfr10,He,0.3192106790481718,24
alx1,wnt1,He,0,6
alx1,wnt1,He,2.6231130908191043,9
alx1,wnt1,He,0.021249468763280918,12
alx1,wnt1,He,0.411522634,16
alx1,wnt1,He,0.1299545159194282,20
alx1,wnt1,He,0.2321532211259431,24
 pmar1,wnt1,He,0.484027106,6
 pmar1,wnt1,He,0.8166295471417966,9
 pmar1,wnt1,He,0.1274968125796855,12
 pmar1,wnt1,He,0,16
 pmar1,wnt1,He,0.032488629,20
 pmar1,wnt1,He,0.087057458,24
dr1,wnt1,He,0,6
dr1,wnt1,He,0.14847809948032664,9
dr1,wnt1,He,0.021249468763280918,12
dr1,wnt1,He,0.6172839506172839,16
dr1,wnt1,He,1.1046133853151396,20
dr1,wnt1,He,2.089378990133488,24
ets1,wnt1,He,0.14520813165537272,6
ets1,wnt1,He,1.1135857461024499,9
ets1,wnt1,He,0.5949851253718658,12
ets1,wnt1,He,0.205761317,16
ets1,wnt1,He,0.032488629,20
ets1,wnt1,He,0.087057458,24
erg,wnt1,He,0.096805421,6
erg,wnt1,He,10.195496164315763,9
erg,wnt1,He,2.5711857203569912,12
erg,wnt1,He,0.205761317,16
erg,wnt1,He,0.032488629,20
erg,wnt1,He,0,24
foxB,wnt1,He,0,6
foxB,wnt1,He,0,9
foxB,wnt1,He,0,12
foxB,wnt1,He,0,16
foxB,wnt1,He,0,20
foxB,wnt1,He,0,24
foxN2,wnt1,He,0.096805421,6
foxN2,wnt1,He,8.760207869339274,9
foxN2,wnt1,He,5.992350191245219,12
foxN2,wnt1,He,1.8518518518518519,16
foxN2,wnt1,He,0.4223521767381416,20
foxN2,wnt1,He,0.5803830528148578,24
foxO,wnt1,He,0.14520813165537272,6
foxO,wnt1,He,2.0539470428111852,9
foxO,wnt1,He,1.1687207819804506,12
foxO,wnt1,He,1.4403292181069958,16
foxO,wnt1,He,0.3898635477582846,20
foxO,wnt1,He,0.7835171213000581,24
hesC,wnt1,He,0,6
hesC,wnt1,He,0,9
hesC,wnt1,He,0,12
hesC,wnt1,He,0,16
hesC,wnt1,He,0,20
hesC,wnt1,He,0,24
hex,wnt1,He,0.048402711,6
hex,wnt1,He,2.0292006928977977,9
hex,wnt1,He,1.2112197195070122,12
hex,wnt1,He,1.2345679012345678,16
hex,wnt1,He,0.3898635477582846,20
hex,wnt1,He,0.4062681369704005,24
hnf6,wnt1,He,0.6292352371732818,6
hnf6,wnt1,He,4.330611234842861,9
hnf6,wnt1,He,0.4462388440288993,12
hnf6,wnt1,He,0.6172839506172839,16
hnf6,wnt1,He,1.1371020142949968,20
hnf6,wnt1,He,2.176436448055717,24
soxC,wnt1,He,0.43562439496611816,6
soxC,wnt1,He,16.085127443702053,9
soxC,wnt1,He,5.248618784530387,12
soxC,wnt1,He,3.4979423868312765,16
soxC,wnt1,He,1.1695906432748535,20
soxC,wnt1,He,1.5089959373186304,24
tel,wnt1,He,0.2420135527589545,6
tel,wnt1,He,7.423904974016333,9
tel,wnt1,He,2.528686782830429,12
tel,wnt1,He,0.411522634,16
tel,wnt1,He,0.4548408057179987,20
tel,wnt1,He,0.7544979686593152,24
tbr,wnt1,He,1.2100677637947723,6
tbr,wnt1,He,3.118040089,9
tbr,wnt1,He,1.4449638759031025,12
tbr,wnt1,He,0,16
tbr,wnt1,He,0,20
tbr,wnt1,He,0.029019153,24
tgif,wnt1,He,0.096805421,6
tgif,wnt1,He,3.0190546894333083,9
tgif,wnt1,He,1.253718657033574,12
tgif,wnt1,He,2.4691358024691357,16
tgif,wnt1,He,1.299545159194282,20
tgif,wnt1,He,0.9286128845037724,24
delta,wnt1,He,0.1936108422071636,6
delta,wnt1,He,9.057164068299926,9
delta,wnt1,He,1.5724606884827883,12
delta,wnt1,He,0,16
delta,wnt1,He,0.1299545159194282,20
delta,wnt1,He,0.20313406848520024,24
fgf,wnt1,He,0.048402711,6
fgf,wnt1,He,0.024746349913387776,9
fgf,wnt1,He,0.063748406,12
fgf,wnt1,He,0.411522634,16
fgf,wnt1,He,0.1299545159194282,20
fgf,wnt1,He,0.261172374,24
vegfr10,wnt1,He,0.1936108422071636,6
vegfr10,wnt1,He,0.32170254887404104,9
vegfr10,wnt1,He,0.084997875,12
vegfr10,wnt1,He,0.205761317,16
vegfr10,wnt1,He,0.2274204028589993,20
vegfr10,wnt1,He,0.087057458,24
alx1,wnt8,He,0,6
alx1,wnt8,He,1.1383320960158376,9
alx1,wnt8,He,0,12
alx1,wnt8,He,0,16
alx1,wnt8,He,0,20
alx1,wnt8,He,0.029019153,24
 pmar1,wnt8,He,0.6292352371732818,6
 pmar1,wnt8,He,0.5939123979213066,9
 pmar1,wnt8,He,0.063748406,12
 pmar1,wnt8,He,0,16
 pmar1,wnt8,He,0.032488629,20
 pmar1,wnt8,He,0.029019153,24
dr1,wnt8,He,0.048402711,6
dr1,wnt8,He,0.0989854,9
dr1,wnt8,He,0.021249468763280918,12
dr1,wnt8,He,2.057613169,16
dr1,wnt8,He,1.6894087069525665,20
dr1,wnt8,He,1.4799767846778875,24
ets1,wnt8,He,0.2420135527589545,6
ets1,wnt8,He,0.6681514476614699,9
ets1,wnt8,He,0.10624734381640458,12
ets1,wnt8,He,0,16
ets1,wnt8,He,0,20
ets1,wnt8,He,0,24
erg,wnt8,He,0.048402711,6
erg,wnt8,He,4.429596634496412,9
erg,wnt8,He,0.2337441563960901,12
erg,wnt8,He,0.205761317,16
erg,wnt8,He,0,20
erg,wnt8,He,0,24
foxB,wnt8,He,0,6
foxB,wnt8,He,0,9
foxB,wnt8,He,0,12
foxB,wnt8,He,0,16
foxB,wnt8,He,0,20
foxB,wnt8,He,0,24
foxN2,wnt8,He,0.096805421,6
foxN2,wnt8,He,3.761445186834942,9
foxN2,wnt8,He,1.062473438164046,12
foxN2,wnt8,He,0.411522634,16
foxN2,wnt8,He,0.2599090318388564,20
foxN2,wnt8,He,0.17411491584445735,24
foxO,wnt8,He,0.43562439496611816,6
foxO,wnt8,He,1.8559762435040832,9
foxO,wnt8,He,0.5737356566085848,12
foxO,wnt8,He,0.411522634,16
foxO,wnt8,He,0.682261209,20
foxO,wnt8,He,0.7544979686593152,24
hesC,wnt8,He,0,6
hesC,wnt8,He,0,9
hesC,wnt8,He,0,12
hesC,wnt8,He,0,16
hesC,wnt8,He,0,20
hesC,wnt8,He,0,24
hex,wnt8,He,0.096805421,6
hex,wnt8,He,1.0393466963622866,9
hex,wnt8,He,0.10624734381640458,12
hex,wnt8,He,0,16
hex,wnt8,He,0,20
hex,wnt8,He,0.029019153,24
hnf6,wnt8,He,1.0648596321393995,6
hnf6,wnt8,He,4.281118535016085,9
hnf6,wnt8,He,1.2324691882702932,12
hnf6,wnt8,He,1.028806584,16
hnf6,wnt8,He,0.7797270955165692,20
hnf6,wnt8,He,1.1317469529889728,24
soxC,wnt8,He,0.7744433688286544,6
soxC,wnt8,He,7.374412274189558,9
soxC,wnt8,He,1.5937101572460688,12
soxC,wnt8,He,2.057613169,16
soxC,wnt8,He,1.267056530214425,20
soxC,wnt8,He,1.0737086477074869,24
tel,wnt8,He,0.3388189738625363,6
tel,wnt8,He,3.6377134372680033,9
tel,wnt8,He,0.6799830004249894,12
tel,wnt8,He,0.205761317,16
tel,wnt8,He,0.29239766081871343,20
tel,wnt8,He,0.522344748,24
tbr,wnt8,He,1.5004840271055178,6
tbr,wnt8,He,1.6827517941103691,9
tbr,wnt8,He,0.19124521886952825,12
tbr,wnt8,He,0,16
tbr,wnt8,He,0,20
tbr,wnt8,He,0,24
tgif,wnt8,He,0.29041626331074544,6
tgif,wnt8,He,1.559020045,9
tgif,wnt8,He,0.1274968125796855,12
tgif,wnt8,He,0.411522634,16
tgif,wnt8,He,0.682261209,20
tgif,wnt8,He,0.4933255948926291,24
delta,wnt8,He,0.048402711,6
delta,wnt8,He,3.835684236575106,9
delta,wnt8,He,0.21249468763280915,12
delta,wnt8,He,0,16
delta,wnt8,He,0,20
delta,wnt8,He,0.058038305,24
fgf,wnt8,He,0.048402711,6
fgf,wnt8,He,0,9
fgf,wnt8,He,0,12
fgf,wnt8,He,0.205761317,16
fgf,wnt8,He,0.35737491877842753,20
fgf,wnt8,He,0.4062681369704005,24
vegfr10,wnt8,He,0.1936108422071636,6
vegfr10,wnt8,He,0.2969561989606533,9
vegfr10,wnt8,He,0,12
vegfr10,wnt8,He,0,16
vegfr10,wnt8,He,0,20
vegfr10,wnt8,He,0.029019153,24
wnt1,wnt8,He,0.43562439496611816,6
wnt1,wnt8,He,6.879485275921803,9
wnt1,wnt8,He,0.5737356566085848,12
wnt1,wnt8,He,0.6172839506172839,16
wnt1,wnt8,He,0.16244314489928524,20
wnt1,wnt8,He,0.3192106790481718,24
